example_id,case_id,note_style,department,gold_score_derived,predicted_score,gold_class_derived,predicted_class,gold_state_ids,predicted_state_ids
note_0003_01,case_0003,structured_sbar,internal_medicine,1.0,1.0,high,high,"[3, 3, 3, 3, 3, 3, 3, 3, 3, 3, 3, 3, 3, 3, 3, 3, 3, 3, 3, 3, 3, 3]","[3, 3, 3, 3, 3, 3, 3, 3, 3, 3, 3, 3, 3, 3, 3, 3, 3, 3, 0, 3, 3, 3]"
note_0003_02,case_0003,terse_resident_signout,internal_medicine,0.5625,0.7857142857142857,medium,medium,"[3, 3, 3, 1, 3, 2, 1, 3, 3, 3, 3, 1, 3, 3, 3, 1, 3, 1, 1, 1, 1, 3]","[3, 3, 3, 1, 3, 3, 3, 3, 3, 3, 1, 0, 3, 3, 3, 3, 3, 1, 0, 0, 1, 3]"
note_0003_03,case_0003,nursing_shift_note,internal_medicine,0.28125,0.34375,low,low,"[3, 2, 1, 1, 1, 1, 1, 1, 2, 2, 1, 3, 3, 2, 2, 1, 3, 1, 1, 1, 1, 3]","[3, 2, 1, 1, 1, 1, 1, 1, 3, 3, 1, 3, 3, 2, 3, 1, 3, 1, 1, 1, 1, 3]"
note_0003_04,case_0003,abbreviation_heavy,internal_medicine,0.46875,0.5,low,medium,"[3, 1, 3, 1, 3, 1, 1, 3, 3, 3, 1, 3, 3, 1, 3, 1, 3, 1, 1, 1, 1, 3]","[3, 2, 3, 1, 3, 1, 1, 3, 3, 3, 1, 3, 3, 2, 3, 1, 3, 1, 1, 1, 1, 3]"
note_0003_05,case_0003,verbose_unfocused,internal_medicine,0.28125,0.28125,low,low,"[2, 2, 1, 1, 2, 1, 1, 1, 2, 2, 2, 1, 2, 2, 2, 2, 2, 1, 1, 2, 1, 2]","[2, 2, 1, 1, 2, 1, 1, 1, 2, 2, 1, 2, 2, 2, 2, 1, 2, 2, 1, 2, 1, 2]"
note_0003_06,case_0003,messy_free_text,internal_medicine,0.546875,0.609375,medium,medium,"[3, 2, 3, 1, 3, 1, 1, 3, 3, 3, 1, 3, 3, 1, 3, 1, 3, 3, 1, 1, 1, 3]","[3, 1, 3, 1, 3, 1, 1, 3, 3, 3, 1, 3, 3, 2, 3, 3, 3, 3, 1, 1, 1, 3]"
note_0003_07,case_0003,structured_sbar,internal_medicine,0.53125,0.7,medium,medium,"[3, 3, 3, 3, 3, 1, 1, 1, 3, 3, 2, 3, 3, 2, 3, 1, 3, 1, 1, 1, 1, 3]","[3, 3, 3, 1, 3, 1, 3, 3, 3, 3, 1, 3, 3, 3, 3, 3, 3, 1, 1, 0, 1, 3]"
note_0003_08,case_0003,terse_resident_signout,internal_medicine,0.265625,0.41935483870967744,low,low,"[3, 1, 1, 1, 1, 1, 1, 1, 2, 2, 1, 3, 3, 2, 2, 1, 3, 1, 1, 1, 1, 3]","[3, 2, 1, 1, 3, 1, 1, 1, 3, 3, 1, 3, 3, 2, 3, 1, 3, 1, 0, 1, 1, 3]"
note_0003_09,case_0003,nursing_shift_note,internal_medicine,0.546875,0.7708333333333334,medium,medium,"[3, 2, 3, 1, 3, 2, 1, 3, 3, 3, 2, 1, 3, 2, 2, 1, 3, 1, 1, 1, 3, 3]","[3, 3, 3, 1, 3, 0, 3, 3, 3, 3, 3, 0, 3, 2, 3, 0, 3, 1, 0, 0, 1, 3]"
note_0003_10,case_0003,abbreviation_heavy,internal_medicine,0.546875,0.625,medium,medium,"[3, 2, 3, 1, 3, 1, 1, 3, 3, 3, 1, 3, 3, 1, 3, 1, 3, 3, 1, 1, 1, 3]","[3, 2, 3, 1, 3, 1, 1, 3, 3, 3, 1, 3, 3, 2, 3, 3, 3, 3, 1, 1, 1, 3]"
note_0010_01,case_0010,structured_sbar,neurology,0.8148148148148148,1.0,medium,high,"[3, 3, 3, 3, 3, 3, 3, 3, 3, 3, 3, 0, 0, 3, 3, 3, 3, 1, 1, 0, 1, 3]","[3, 3, 3, 3, 3, 3, 3, 3, 3, 3, 3, 3, 3, 3, 3, 3, 3, 3, 0, 3, 3, 3]"
note_0010_02,case_0010,terse_resident_signout,neurology,0.7222222222222222,0.6379310344827587,medium,medium,"[3, 3, 3, 1, 3, 3, 3, 3, 3, 3, 1, 0, 0, 2, 3, 3, 3, 1, 1, 0, 1, 3]","[3, 2, 3, 1, 3, 1, 1, 3, 3, 3, 1, 3, 3, 3, 3, 3, 3, 1, 0, 0, 1, 3]"
note_0010_03,case_0010,nursing_shift_note,neurology,0.4074074074074074,0.48214285714285715,low,low,"[3, 2, 1, 1, 3, 1, 1, 2, 3, 3, 1, 0, 0, 3, 3, 1, 3, 1, 1, 0, 1, 3]","[3, 2, 1, 1, 3, 1, 1, 3, 3, 3, 1, 0, 3, 3, 3, 1, 3, 1, 0, 0, 1, 3]"
note_0010_04,case_0010,abbreviation_heavy,neurology,0.6296296296296297,0.6730769230769231,medium,medium,"[3, 3, 3, 1, 3, 3, 3, 3, 3, 3, 1, 0, 0, 3, 3, 1, 3, 1, 1, 0, 1, 1]","[3, 2, 3, 1, 3, 1, 1, 3, 3, 3, 1, 0, 3, 3, 3, 0, 3, 3, 0, 0, 1, 3]"
note_0010_05,case_0010,verbose_unfocused,neurology,0.24074074074074073,0.24193548387096775,low,low,"[3, 2, 1, 1, 3, 1, 1, 2, 2, 2, 1, 0, 0, 2, 1, 1, 1, 1, 1, 0, 1, 3]","[2, 2, 1, 1, 2, 1, 1, 1, 2, 2, 1, 2, 2, 2, 2, 1, 1, 1, 0, 2, 1, 2]"
note_0010_06,case_0010,messy_free_text,neurology,0.6666666666666666,0.625,medium,medium,"[3, 3, 3, 1, 3, 3, 3, 3, 3, 3, 1, 0, 0, 3, 3, 1, 3, 1, 1, 0, 1, 3]","[3, 2, 3, 1, 3, 1, 1, 3, 3, 3, 1, 0, 3, 3, 3, 3, 3, 1, 0, 0, 1, 3]"
note_0010_07,case_0010,structured_sbar,neurology,0.7037037037037037,1.0,medium,high,"[3, 3, 3, 1, 3, 3, 3, 3, 3, 3, 3, 0, 0, 3, 3, 1, 3, 1, 1, 0, 1, 3]","[3, 3, 3, 3, 3, 3, 3, 3, 3, 3, 3, 3, 3, 3, 3, 3, 3, 3, 0, 3, 3, 3]"
note_0010_08,case_0010,terse_resident_signout,neurology,0.42592592592592593,0.5192307692307693,low,medium,"[3, 2, 1, 1, 3, 1, 1, 3, 3, 3, 1, 0, 0, 3, 3, 1, 3, 1, 1, 0, 1, 3]","[3, 2, 1, 1, 3, 1, 1, 3, 3, 3, 1, 0, 3, 3, 3, 0, 3, 1, 0, 0, 1, 3]"
note_0010_09,case_0010,nursing_shift_note,neurology,0.7037037037037037,0.75,medium,medium,"[3, 3, 3, 1, 3, 3, 3, 3, 3, 3, 3, 0, 0, 3, 3, 1, 3, 1, 1, 0, 1, 3]","[3, 3, 3, 1, 3, 3, 1, 3, 3, 3, 3, 0, 3, 3, 3, 3, 3, 1, 0, 0, 1, 3]"
note_0010_10,case_0010,abbreviation_heavy,neurology,0.6666666666666666,0.625,medium,medium,"[3, 3, 3, 1, 3, 3, 3, 3, 3, 3, 1, 0, 0, 3, 3, 1, 3, 1, 1, 0, 1, 3]","[3, 2, 3, 1, 3, 1, 1, 3, 3, 3, 1, 0, 3, 3, 3, 3, 3, 1, 0, 0, 1, 3]"
note_0016_01,case_0016,structured_sbar,internal_medicine,1.0,1.0,high,high,"[3, 3, 3, 3, 3, 0, 0, 3, 3, 3, 3, 3, 3, 3, 3, 3, 3, 3, 3, 3, 3, 3]","[3, 3, 3, 3, 3, 3, 3, 3, 3, 3, 3, 3, 3, 3, 3, 3, 3, 3, 3, 3, 3, 3]"
note_0016_02,case_0016,terse_resident_signout,internal_medicine,0.7678571428571429,0.5625,medium,medium,"[3, 3, 3, 1, 3, 0, 0, 3, 3, 3, 2, 3, 3, 3, 3, 3, 3, 1, 1, 3, 1, 3]","[3, 3, 3, 1, 3, 1, 1, 1, 3, 3, 1, 3, 3, 3, 3, 3, 3, 1, 1, 1, 1, 3]"
note_0016_03,case_0016,nursing_shift_note,internal_medicine,0.43333333333333335,0.359375,low,low,"[2, 1, 1, 1, 1, 0, 1, 1, 3, 3, 1, 3, 3, 2, 3, 3, 3, 1, 3, 1, 1, 3]","[3, 2, 1, 1, 1, 1, 1, 1, 2, 3, 1, 3, 3, 2, 3, 1, 3, 1, 1, 2, 1, 3]"
note_0016_04,case_0016,abbreviation_heavy,internal_medicine,0.6333333333333333,0.5625,medium,medium,"[3, 1, 3, 1, 3, 0, 1, 3, 3, 3, 1, 3, 3, 1, 3, 3, 3, 1, 1, 3, 1, 3]","[3, 2, 3, 1, 3, 1, 1, 3, 3, 3, 1, 3, 3, 2, 3, 3, 3, 1, 1, 1, 1, 3]"
note_0016_05,case_0016,verbose_unfocused,internal_medicine,0.13333333333333333,0.2903225806451613,low,low,"[2, 2, 1, 1, 1, 0, 1, 1, 2, 2, 1, 1, 2, 2, 1, 1, 1, 1, 1, 1, 1, 2]","[2, 2, 1, 1, 2, 1, 1, 1, 2, 2, 1, 2, 2, 2, 2, 1, 2, 2, 0, 2, 1, 2]"
note_0016_06,case_0016,messy_free_text,internal_medicine,0.7,0.609375,medium,medium,"[3, 1, 3, 1, 3, 0, 1, 3, 3, 3, 1, 3, 3, 1, 3, 3, 3, 3, 1, 3, 1, 3]","[3, 1, 3, 1, 3, 1, 1, 3, 3, 3, 1, 3, 3, 2, 3, 3, 3, 3, 1, 1, 1, 3]"
note_0016_07,case_0016,structured_sbar,internal_medicine,0.7857142857142857,0.453125,medium,low,"[3, 2, 3, 1, 3, 0, 0, 2, 3, 3, 3, 3, 3, 2, 3, 3, 2, 1, 1, 3, 3, 3]","[3, 2, 3, 1, 3, 1, 1, 1, 3, 2, 1, 3, 3, 2, 3, 2, 1, 1, 1, 1, 1, 3]"
note_0016_08,case_0016,terse_resident_signout,internal_medicine,0.6166666666666667,0.46875,medium,low,"[3, 1, 3, 1, 3, 0, 1, 1, 3, 3, 1, 3, 3, 2, 3, 3, 3, 1, 1, 3, 1, 3]","[3, 2, 3, 1, 3, 1, 1, 1, 3, 3, 1, 3, 3, 2, 3, 1, 3, 1, 1, 1, 1, 3]"
note_0016_09,case_0016,nursing_shift_note,internal_medicine,0.7333333333333333,0.484375,medium,low,"[3, 1, 3, 1, 3, 0, 1, 1, 3, 3, 3, 3, 3, 3, 3, 3, 3, 1, 1, 3, 3, 3]","[3, 2, 3, 1, 3, 1, 1, 1, 3, 3, 1, 3, 3, 3, 3, 1, 3, 1, 1, 1, 1, 3]"
note_0016_10,case_0016,abbreviation_heavy,internal_medicine,0.7,0.609375,medium,medium,"[3, 1, 3, 1, 3, 0, 1, 3, 3, 3, 1, 3, 3, 1, 3, 3, 3, 3, 1, 3, 1, 3]","[3, 1, 3, 1, 3, 1, 1, 3, 3, 3, 1, 3, 3, 2, 3, 3, 3, 3, 1, 1, 1, 3]"
note_0037_01,case_0037,structured_sbar,obstetrics_gynecology,1.0,0.9642857142857143,high,high,"[3, 3, 3, 3, 0, 0, 3, 3, 3, 3, 3, 3, 3, 3, 3, 3, 3, 0, 0, 3, 3, 3]","[3, 3, 3, 3, 3, 0, 3, 3, 3, 3, 3, 3, 3, 3, 3, 3, 3, 0, 1, 3, 3, 3]"
note_0037_02,case_0037,terse_resident_signout,obstetrics_gynecology,0.9,0.8913043478260869,high,high,"[3, 3, 3, 3, 0, 0, 2, 3, 3, 3, 3, 3, 3, 2, 3, 3, 3, 0, 0, 2, 3, 3]","[3, 3, 3, 1, 0, 0, 3, 3, 3, 3, 3, 3, 0, 2, 3, 3, 0, 0, 1, 3, 3, 3]"
note_0037_03,case_0037,nursing_shift_note,obstetrics_gynecology,0.6111111111111112,0.5434782608695652,medium,medium,"[3, 3, 3, 1, 0, 1, 2, 1, 3, 3, 2, 3, 3, 2, 3, 2, 2, 0, 0, 2, 1, 3]","[3, 3, 3, 1, 0, 1, 2, 1, 3, 3, 1, 3, 0, 2, 3, 2, 0, 0, 1, 0, 1, 3]"
note_0037_05,case_0037,verbose_unfocused,obstetrics_gynecology,0.3333333333333333,0.36666666666666664,low,low,"[2, 2, 1, 1, 0, 1, 2, 1, 2, 2, 2, 1, 2, 2, 2, 2, 2, 0, 0, 2, 1, 2]","[2, 2, 1, 1, 2, 1, 2, 1, 2, 2, 2, 2, 2, 2, 2, 2, 2, 0, 1, 2, 1, 3]"
note_0037_06,case_0037,messy_free_text,obstetrics_gynecology,0.8333333333333334,0.8448275862068966,medium,medium,"[3, 3, 3, 1, 0, 1, 3, 3, 3, 3, 3, 3, 3, 2, 3, 3, 3, 0, 0, 2, 3, 3]","[3, 3, 3, 1, 3, 1, 3, 3, 3, 3, 3, 3, 3, 2, 3, 3, 0, 0, 1, 3, 3, 3]"
note_0037_07,case_0037,structured_sbar,obstetrics_gynecology,0.8518518518518519,0.9642857142857143,high,high,"[3, 3, 3, 1, 0, 1, 3, 3, 3, 3, 3, 3, 3, 3, 3, 3, 3, 0, 0, 2, 3, 3]","[3, 3, 3, 3, 3, 0, 3, 3, 3, 3, 3, 3, 3, 3, 3, 3, 3, 0, 1, 3, 3, 3]"
note_0037_08,case_0037,terse_resident_signout,obstetrics_gynecology,0.7222222222222222,0.717391304347826,medium,medium,"[3, 3, 3, 1, 0, 1, 2, 3, 3, 3, 3, 3, 3, 2, 3, 3, 3, 0, 0, 2, 1, 3]","[3, 3, 3, 1, 0, 1, 3, 3, 3, 3, 3, 3, 0, 2, 3, 3, 0, 0, 1, 0, 1, 3]"
note_0037_09,case_0037,nursing_shift_note,obstetrics_gynecology,0.8518518518518519,0.9,high,high,"[3, 3, 3, 1, 0, 1, 3, 3, 3, 3, 3, 3, 3, 3, 3, 3, 3, 0, 0, 2, 3, 3]","[3, 3, 3, 1, 0, 0, 3, 3, 3, 3, 3, 3, 3, 2, 3, 3, 0, 0, 1, 3, 3, 3]"
note_0039_01,case_0039,structured_sbar,orthopedics,0.9,1.0,high,high,"[3, 3, 3, 3, 3, 0, 0, 3, 3, 3, 3, 3, 0, 3, 0, 0, 3, 3, 3, 1, 0, 3]","[3, 3, 3, 3, 3, 3, 3, 3, 3, 3, 3, 3, 0, 3, 3, 3, 3, 3, 3, 3, 3, 3]"
note_0039_02,case_0039,terse_resident_signout,orthopedics,0.85,0.7037037037037037,high,medium,"[3, 3, 3, 1, 3, 0, 0, 3, 3, 3, 3, 3, 0, 3, 0, 0, 3, 3, 3, 1, 0, 3]","[3, 3, 3, 1, 3, 3, 1, 3, 3, 0, 3, 3, 0, 3, 0, 3, 3, 1, 3, 2, 1, 3]"
note_0039_03,case_0039,nursing_shift_note,orthopedics,0.2916666666666667,0.4074074074074074,low,low,"[3, 2, 1, 1, 1, 0, 1, 1, 3, 3, 1, 3, 0, 2, 0, 0, 1, 1, 3, 1, 1, 3]","[3, 2, 1, 1, 3, 1, 1, 1, 3, 0, 1, 3, 0, 2, 0, 2, 3, 1, 3, 2, 1, 3]"
note_0039_04,case_0039,abbreviation_heavy,orthopedics,0.5625,0.6964285714285714,medium,medium,"[3, 2, 3, 1, 3, 0, 1, 3, 3, 3, 3, 3, 0, 3, 0, 0, 1, 1, 3, 1, 1, 3]","[3, 2, 3, 1, 3, 1, 1, 3, 3, 3, 1, 3, 0, 3, 0, 3, 3, 3, 3, 3, 1, 3]"
note_0039_05,case_0039,verbose_unfocused,orthopedics,0.5,0.4827586206896552,medium,low,"[3, 2, 3, 1, 1, 0, 1, 3, 3, 3, 2, 3, 0, 2, 0, 0, 2, 2, 3, 1, 1, 3]","[3, 2, 3, 1, 3, 1, 1, 1, 2, 0, 1, 3, 0, 2, 1, 2, 3, 3, 2, 2, 1, 3]"
note_0039_06,case_0039,messy_free_text,orthopedics,0.6875,0.6964285714285714,medium,medium,"[3, 2, 3, 1, 3, 0, 1, 3, 3, 3, 3, 3, 0, 3, 0, 0, 3, 3, 3, 1, 1, 3]","[3, 2, 3, 1, 3, 1, 1, 3, 3, 3, 1, 3, 0, 3, 0, 3, 3, 3, 3, 3, 1, 3]"
note_0039_07,case_0039,structured_sbar,orthopedics,0.6458333333333334,0.8148148148148148,medium,medium,"[3, 3, 3, 1, 3, 0, 1, 3, 3, 3, 3, 3, 0, 3, 0, 0, 2, 2, 3, 1, 1, 3]","[3, 3, 3, 1, 3, 3, 1, 3, 3, 0, 3, 3, 0, 3, 0, 3, 3, 3, 3, 3, 1, 3]"
note_0039_08,case_0039,terse_resident_signout,orthopedics,0.6875,0.6607142857142857,medium,medium,"[3, 2, 3, 1, 3, 0, 1, 3, 3, 3, 3, 3, 0, 3, 0, 0, 3, 3, 3, 1, 1, 3]","[3, 2, 3, 1, 3, 1, 1, 3, 3, 3, 1, 3, 0, 3, 0, 3, 3, 3, 3, 2, 1, 3]"
note_0039_09,case_0039,nursing_shift_note,orthopedics,0.7083333333333334,0.7321428571428571,medium,medium,"[3, 3, 3, 1, 3, 0, 1, 3, 3, 3, 3, 3, 0, 3, 0, 0, 3, 3, 3, 1, 1, 3]","[3, 2, 3, 1, 3, 1, 1, 3, 3, 3, 3, 3, 0, 3, 0, 3, 3, 3, 3, 3, 1, 3]"
note_0039_10,case_0039,abbreviation_heavy,orthopedics,0.6875,0.6964285714285714,medium,medium,"[3, 2, 3, 1, 3, 0, 1, 3, 3, 3, 3, 3, 0, 3, 0, 0, 3, 3, 3, 1, 1, 3]","[3, 2, 3, 1, 3, 1, 1, 3, 3, 3, 1, 3, 0, 3, 0, 3, 3, 3, 3, 3, 1, 3]"
note_0044_01,case_0044,structured_sbar,surgery,1.0,1.0,high,high,"[3, 3, 3, 3, 3, 3, 3, 3, 3, 3, 3, 3, 3, 3, 3, 3, 3, 3, 3, 3, 3, 3]","[3, 3, 3, 3, 3, 3, 3, 3, 3, 3, 3, 3, 3, 3, 3, 3, 3, 3, 3, 3, 3, 3]"
note_0044_02,case_0044,terse_resident_signout,surgery,0.84375,0.75,medium,medium,"[3, 3, 3, 1, 3, 3, 3, 2, 3, 3, 3, 3, 3, 3, 3, 3, 1, 1, 2, 3, 3, 3]","[3, 3, 3, 1, 3, 3, 1, 3, 3, 3, 3, 3, 3, 3, 3, 3, 1, 1, 3, 3, 1, 3]"
note_0044_03,case_0044,nursing_shift_note,surgery,0.421875,0.484375,low,low,"[3, 2, 1, 1, 3, 1, 1, 1, 2, 1, 1, 3, 3, 3, 3, 2, 1, 1, 2, 2, 1, 3]","[3, 2, 1, 1, 3, 1, 1, 1, 3, 3, 1, 3, 3, 3, 3, 2, 1, 1, 3, 2, 1, 3]"
note_0044_04,case_0044,abbreviation_heavy,surgery,0.5625,0.609375,medium,medium,"[3, 2, 3, 1, 3, 2, 1, 1, 3, 2, 1, 3, 3, 2, 3, 2, 1, 1, 2, 2, 2, 3]","[3, 2, 3, 1, 3, 1, 1, 1, 3, 3, 1, 3, 3, 3, 3, 3, 1, 1, 3, 3, 1, 3]"
note_0044_05,case_0044,verbose_unfocused,surgery,0.3125,0.296875,low,low,"[3, 2, 1, 1, 2, 1, 1, 1, 2, 2, 1, 2, 3, 2, 2, 1, 1, 1, 2, 2, 1, 3]","[2, 2, 1, 1, 2, 1, 1, 1, 2, 2, 1, 2, 2, 2, 2, 2, 1, 1, 2, 2, 1, 3]"
note_0044_06,case_0044,messy_free_text,surgery,0.5625,0.59375,medium,medium,"[3, 2, 3, 1, 3, 2, 1, 1, 3, 2, 1, 3, 3, 2, 3, 2, 1, 1, 2, 2, 2, 3]","[3, 3, 3, 1, 3, 1, 1, 1, 3, 3, 1, 3, 3, 3, 3, 3, 1, 1, 3, 2, 1, 3]"
note_0044_07,case_0044,structured_sbar,surgery,0.71875,0.90625,medium,high,"[3, 3, 3, 1, 3, 2, 2, 1, 3, 3, 3, 3, 3, 3, 3, 2, 2, 1, 2, 2, 3, 3]","[3, 3, 3, 1, 3, 3, 3, 3, 3, 3, 3, 3, 3, 3, 3, 3, 3, 1, 3, 3, 3, 3]"
note_0044_08,case_0044,terse_resident_signout,surgery,0.484375,0.59375,low,medium,"[3, 2, 3, 1, 3, 1, 1, 1, 3, 1, 1, 3, 3, 2, 3, 2, 1, 1, 2, 2, 1, 3]","[3, 3, 3, 1, 3, 1, 1, 1, 3, 3, 1, 3, 3, 3, 3, 3, 1, 1, 3, 2, 1, 3]"
note_0044_09,case_0044,nursing_shift_note,surgery,0.78125,0.75,medium,medium,"[3, 3, 3, 1, 3, 3, 1, 2, 3, 3, 3, 3, 3, 3, 3, 3, 1, 1, 2, 3, 3, 3]","[3, 3, 3, 1, 3, 3, 1, 3, 3, 3, 3, 3, 3, 3, 3, 3, 1, 1, 3, 3, 1, 3]"
note_0044_10,case_0044,abbreviation_heavy,surgery,0.5625,0.609375,medium,medium,"[3, 2, 3, 1, 3, 2, 1, 1, 3, 2, 1, 3, 3, 2, 3, 2, 1, 1, 2, 2, 2, 3]","[3, 2, 3, 1, 3, 1, 1, 1, 3, 3, 1, 3, 3, 3, 3, 3, 1, 1, 3, 3, 1, 3]"
note_0049_01,case_0049,structured_sbar,surgery,1.0,1.0,high,high,"[3, 3, 3, 3, 3, 3, 3, 3, 3, 3, 3, 3, 3, 3, 3, 3, 3, 3, 3, 3, 3, 3]","[3, 3, 3, 3, 3, 3, 3, 3, 3, 3, 3, 3, 3, 3, 3, 3, 3, 3, 3, 3, 3, 3]"
note_0049_02,case_0049,terse_resident_signout,surgery,0.875,0.609375,high,medium,"[3, 3, 3, 3, 3, 3, 2, 3, 3, 3, 1, 3, 3, 3, 3, 3, 3, 3, 3, 3, 1, 3]","[3, 3, 1, 1, 3, 1, 1, 3, 3, 3, 1, 3, 3, 2, 3, 3, 3, 1, 3, 3, 1, 3]"
note_0049_03,case_0049,nursing_shift_note,surgery,0.4375,0.40625,low,low,"[3, 2, 1, 3, 1, 1, 1, 1, 3, 3, 1, 3, 3, 2, 3, 1, 3, 1, 3, 2, 1, 3]","[3, 2, 1, 1, 1, 1, 1, 1, 3, 3, 1, 3, 3, 2, 3, 1, 3, 1, 3, 2, 1, 3]"
note_0049_04,case_0049,abbreviation_heavy,surgery,0.515625,0.5625,medium,medium,"[3, 2, 3, 1, 3, 1, 1, 1, 3, 1, 1, 3, 3, 2, 3, 1, 3, 1, 2, 3, 1, 3]","[3, 2, 3, 1, 3, 1, 1, 1, 3, 3, 1, 3, 3, 2, 3, 1, 3, 1, 3, 3, 1, 3]"
note_0049_05,case_0049,verbose_unfocused,surgery,0.25,0.328125,low,low,"[3, 2, 1, 1, 2, 1, 1, 1, 2, 2, 1, 2, 2, 2, 1, 1, 1, 1, 2, 2, 1, 3]","[3, 2, 1, 1, 2, 1, 1, 1, 2, 2, 1, 3, 2, 2, 2, 2, 1, 1, 2, 2, 1, 3]"
note_0049_06,case_0049,messy_free_text,surgery,0.609375,0.71875,medium,medium,"[3, 2, 3, 1, 3, 1, 1, 1, 3, 3, 1, 3, 3, 2, 3, 1, 3, 3, 2, 3, 1, 3]","[3, 2, 3, 1, 3, 1, 1, 3, 3, 3, 1, 3, 3, 2, 3, 3, 3, 3, 3, 3, 1, 3]"
note_0049_07,case_0049,structured_sbar,surgery,0.703125,1.0,medium,high,"[3, 3, 1, 1, 3, 2, 2, 2, 3, 3, 3, 3, 3, 3, 3, 1, 3, 3, 3, 3, 1, 3]","[3, 3, 3, 3, 3, 3, 3, 3, 3, 3, 3, 3, 3, 3, 3, 3, 3, 3, 3, 3, 3, 3]"
note_0049_08,case_0049,terse_resident_signout,surgery,0.5,0.46875,medium,low,"[3, 2, 1, 1, 3, 1, 1, 3, 3, 3, 1, 3, 3, 2, 3, 1, 3, 1, 3, 2, 1, 3]","[3, 2, 1, 1, 3, 1, 1, 1, 3, 3, 1, 3, 3, 2, 3, 1, 3, 1, 3, 2, 1, 3]"
note_0049_09,case_0049,nursing_shift_note,surgery,0.578125,0.546875,medium,medium,"[3, 3, 1, 1, 3, 1, 1, 3, 3, 3, 1, 3, 3, 2, 3, 1, 3, 1, 3, 3, 2, 3]","[3, 2, 1, 1, 3, 1, 1, 1, 3, 3, 1, 3, 3, 3, 3, 3, 3, 1, 3, 2, 1, 3]"
note_0049_10,case_0049,abbreviation_heavy,surgery,0.640625,0.734375,medium,medium,"[3, 2, 3, 1, 3, 1, 1, 3, 3, 3, 1, 3, 3, 2, 3, 1, 3, 3, 2, 3, 1, 3]","[3, 3, 3, 1, 3, 1, 1, 3, 3, 3, 1, 3, 3, 2, 3, 3, 3, 3, 3, 3, 1, 3]"
note_0050_01,case_0050,structured_sbar,surgery,1.0,1.0,high,high,"[3, 3, 3, 3, 3, 3, 0, 3, 3, 3, 3, 3, 3, 3, 3, 3, 3, 3, 3, 3, 3, 3]","[3, 3, 3, 3, 3, 3, 3, 3, 3, 3, 3, 3, 3, 3, 3, 3, 3, 3, 3, 3, 3, 3]"
note_0050_02,case_0050,terse_resident_signout,surgery,0.7833333333333333,0.609375,medium,medium,"[3, 3, 3, 1, 3, 3, 0, 3, 3, 3, 2, 3, 3, 3, 3, 3, 3, 1, 3, 2, 1, 3]","[3, 2, 3, 1, 3, 1, 1, 3, 3, 3, 1, 3, 3, 3, 3, 1, 3, 1, 3, 3, 1, 3]"
note_0050_03,case_0050,nursing_shift_note,surgery,0.5166666666666667,0.46875,medium,low,"[3, 2, 1, 1, 3, 1, 0, 2, 3, 3, 1, 3, 3, 2, 3, 1, 3, 1, 3, 2, 1, 3]","[3, 2, 1, 1, 3, 1, 1, 1, 3, 3, 1, 3, 3, 2, 3, 1, 3, 1, 3, 2, 1, 3]"
note_0050_04,case_0050,abbreviation_heavy,surgery,0.48333333333333334,0.59375,low,medium,"[3, 2, 1, 1, 3, 1, 0, 2, 3, 3, 1, 3, 3, 2, 3, 1, 3, 1, 3, 2, 1, 1]","[3, 2, 3, 1, 3, 1, 1, 3, 3, 3, 1, 3, 3, 2, 3, 1, 3, 1, 3, 3, 1, 3]"
note_0050_05,case_0050,verbose_unfocused,surgery,0.4666666666666667,0.390625,low,low,"[3, 2, 1, 1, 3, 1, 0, 2, 2, 2, 1, 3, 3, 2, 2, 1, 2, 2, 3, 2, 1, 3]","[3, 2, 1, 1, 2, 1, 1, 1, 2, 2, 1, 3, 3, 2, 2, 2, 3, 1, 2, 2, 1, 3]"
note_0050_06,case_0050,messy_free_text,surgery,0.8666666666666667,0.734375,high,medium,"[3, 2, 3, 3, 3, 2, 0, 3, 3, 3, 1, 3, 3, 2, 3, 3, 3, 3, 3, 2, 3, 3]","[3, 3, 3, 1, 3, 1, 1, 3, 3, 3, 1, 3, 3, 2, 3, 3, 3, 3, 3, 3, 1, 3]"
note_0050_07,case_0050,structured_sbar,surgery,0.9333333333333333,0.96875,high,high,"[3, 3, 3, 3, 3, 2, 0, 3, 3, 3, 3, 3, 3, 3, 3, 3, 3, 3, 3, 3, 2, 3]","[3, 3, 3, 1, 3, 3, 3, 3, 3, 3, 3, 3, 3, 3, 3, 3, 3, 3, 3, 3, 3, 3]"
note_0050_08,case_0050,terse_resident_signout,surgery,0.6,0.578125,medium,medium,"[3, 2, 3, 1, 3, 1, 0, 3, 3, 3, 1, 3, 3, 2, 3, 1, 3, 1, 3, 2, 1, 3]","[3, 2, 3, 1, 3, 1, 1, 1, 3, 3, 1, 3, 3, 3, 3, 1, 3, 1, 3, 3, 1, 3]"
note_0050_09,case_0050,nursing_shift_note,surgery,0.7,0.6875,medium,medium,"[3, 2, 3, 1, 3, 1, 0, 3, 3, 3, 3, 3, 3, 2, 3, 1, 3, 1, 3, 2, 3, 3]","[3, 3, 3, 1, 3, 1, 1, 3, 3, 3, 1, 3, 3, 3, 3, 3, 3, 1, 3, 3, 1, 3]"
note_0050_10,case_0050,abbreviation_heavy,surgery,0.8333333333333334,0.71875,medium,medium,"[3, 2, 3, 3, 3, 1, 0, 3, 3, 3, 1, 3, 3, 2, 3, 3, 3, 3, 3, 2, 3, 3]","[3, 2, 3, 1, 3, 1, 1, 3, 3, 3, 1, 3, 3, 2, 3, 3, 3, 3, 3, 3, 1, 3]"
note_0063_01,case_0063,structured_sbar,internal_medicine,1.0,1.0,high,high,"[3, 3, 3, 3, 3, 3, 0, 0, 3, 3, 3, 3, 3, 3, 3, 3, 3, 3, 0, 3, 3, 3]","[3, 3, 3, 3, 3, 3, 3, 3, 3, 3, 3, 3, 3, 3, 3, 3, 3, 3, 3, 3, 3, 3]"
note_0063_02,case_0063,terse_resident_signout,internal_medicine,0.875,0.9375,high,high,"[3, 3, 3, 1, 3, 2, 0, 0, 3, 3, 3, 3, 3, 2, 3, 3, 3, 3, 0, 3, 2, 3]","[3, 3, 3, 1, 3, 3, 3, 3, 3, 3, 3, 3, 3, 3, 3, 3, 3, 3, 1, 3, 3, 3]"
note_0063_03,case_0063,nursing_shift_note,internal_medicine,0.5357142857142857,0.3548387096774194,medium,low,"[3, 2, 1, 1, 3, 1, 0, 0, 3, 3, 1, 3, 3, 2, 3, 1, 3, 2, 0, 2, 1, 3]","[3, 2, 1, 1, 1, 1, 1, 1, 3, 3, 1, 3, 3, 2, 3, 1, 3, 1, 0, 1, 1, 3]"
note_0063_04,case_0063,abbreviation_heavy,internal_medicine,0.7142857142857143,0.625,medium,medium,"[3, 2, 3, 1, 3, 1, 0, 0, 3, 3, 1, 3, 3, 2, 3, 3, 3, 3, 0, 2, 1, 3]","[3, 2, 3, 1, 3, 1, 1, 3, 3, 3, 1, 3, 3, 2, 3, 3, 3, 3, 1, 1, 1, 3]"
note_0063_05,case_0063,verbose_unfocused,internal_medicine,0.2857142857142857,0.28125,low,low,"[2, 2, 1, 1, 2, 1, 0, 0, 2, 2, 1, 2, 2, 2, 1, 1, 2, 2, 0, 2, 1, 2]","[2, 2, 1, 1, 2, 1, 1, 1, 2, 2, 1, 2, 2, 2, 2, 1, 2, 2, 1, 2, 1, 2]"
note_0063_06,case_0063,messy_free_text,internal_medicine,0.8214285714285714,0.6875,medium,medium,"[3, 2, 3, 1, 3, 2, 0, 0, 3, 3, 1, 3, 3, 2, 3, 3, 3, 3, 0, 3, 2, 3]","[3, 2, 3, 1, 3, 1, 1, 3, 3, 3, 1, 3, 3, 2, 3, 3, 3, 3, 1, 3, 1, 3]"
note_0063_07,case_0063,structured_sbar,internal_medicine,0.8571428571428571,0.90625,high,high,"[3, 3, 3, 1, 3, 2, 0, 0, 3, 3, 2, 3, 3, 2, 3, 3, 3, 3, 0, 3, 2, 3]","[3, 3, 3, 1, 3, 3, 2, 3, 3, 3, 3, 3, 3, 3, 3, 3, 3, 3, 1, 3, 3, 3]"
note_0063_08,case_0063,terse_resident_signout,internal_medicine,0.5357142857142857,0.46875,medium,low,"[3, 2, 1, 1, 3, 1, 0, 0, 3, 3, 1, 3, 3, 2, 3, 1, 3, 2, 0, 2, 1, 3]","[3, 2, 1, 1, 3, 1, 1, 1, 3, 3, 1, 3, 3, 2, 3, 1, 3, 3, 1, 1, 1, 3]"
note_0063_09,case_0063,nursing_shift_note,internal_medicine,0.9285714285714286,0.8125,high,medium,"[3, 3, 3, 1, 3, 2, 0, 0, 3, 3, 3, 3, 3, 3, 3, 3, 3, 3, 0, 3, 3, 3]","[3, 2, 3, 1, 3, 3, 1, 3, 3, 3, 1, 3, 3, 2, 3, 3, 3, 3, 1, 3, 3, 3]"
note_0063_10,case_0063,abbreviation_heavy,internal_medicine,0.8214285714285714,0.6875,medium,medium,"[3, 2, 3, 1, 3, 2, 0, 0, 3, 3, 1, 3, 3, 2, 3, 3, 3, 3, 0, 3, 2, 3]","[3, 2, 3, 1, 3, 1, 1, 3, 3, 3, 1, 3, 3, 2, 3, 3, 3, 3, 1, 3, 1, 3]"
note_0074_01,case_0074,structured_sbar,neurology,1.0,1.0,high,high,"[3, 3, 3, 3, 3, 3, 3, 3, 3, 3, 3, 3, 3, 3, 3, 3, 3, 3, 0, 3, 3, 3]","[3, 3, 3, 3, 3, 3, 3, 3, 3, 3, 3, 3, 3, 3, 3, 3, 3, 3, 0, 3, 3, 3]"
note_0074_02,case_0074,terse_resident_signout,neurology,0.8709677419354839,0.7741935483870968,high,medium,"[3, 3, 3, 3, 3, 3, 3, 3, 3, 3, 3, 3, 3, 3, 1, 3, 3, 3, 0, 3, 1, 3]","[3, 3, 3, 1, 3, 3, 3, 3, 3, 3, 3, 3, 3, 3, 3, 3, 3, 1, 0, 1, 1, 3]"
note_0074_03,case_0074,nursing_shift_note,neurology,0.4032258064516129,0.46774193548387094,low,low,"[3, 2, 1, 1, 3, 1, 1, 2, 3, 2, 1, 3, 3, 3, 1, 2, 2, 1, 0, 2, 1, 2]","[3, 2, 1, 1, 3, 1, 1, 1, 3, 3, 1, 3, 3, 3, 3, 2, 3, 1, 0, 1, 1, 3]"
note_0074_04,case_0074,abbreviation_heavy,neurology,0.6129032258064516,0.6290322580645161,medium,medium,"[3, 1, 3, 3, 3, 1, 1, 3, 3, 3, 1, 3, 3, 3, 1, 3, 3, 1, 0, 3, 1, 3]","[3, 2, 3, 1, 3, 1, 1, 3, 3, 3, 3, 3, 3, 3, 3, 3, 3, 1, 0, 1, 1, 3]"
note_0074_05,case_0074,verbose_unfocused,neurology,0.3548387096774194,0.265625,low,low,"[3, 2, 1, 1, 2, 1, 1, 2, 2, 2, 2, 3, 3, 2, 1, 2, 2, 1, 0, 2, 1, 2]","[2, 2, 1, 1, 2, 1, 1, 1, 2, 2, 1, 2, 2, 2, 2, 1, 2, 1, 1, 2, 1, 3]"
note_0074_06,case_0074,messy_free_text,neurology,0.9193548387096774,0.8387096774193549,high,medium,"[3, 2, 3, 3, 3, 3, 3, 3, 3, 3, 3, 3, 3, 3, 3, 3, 3, 1, 0, 3, 3, 3]","[3, 3, 3, 1, 3, 3, 3, 3, 3, 3, 3, 3, 3, 3, 3, 3, 3, 1, 0, 1, 3, 3]"
note_0074_07,case_0074,structured_sbar,neurology,0.78125,0.967741935483871,medium,high,"[3, 3, 1, 3, 3, 3, 3, 3, 3, 3, 3, 3, 3, 3, 1, 3, 3, 1, 3, 3, 2, 3]","[3, 3, 3, 1, 3, 3, 3, 3, 3, 3, 3, 3, 3, 3, 3, 3, 3, 3, 0, 3, 3, 3]"
note_0074_08,case_0074,terse_resident_signout,neurology,0.5967741935483871,0.6451612903225806,medium,medium,"[3, 2, 3, 1, 3, 1, 1, 3, 3, 3, 1, 3, 3, 3, 1, 3, 3, 1, 0, 3, 1, 3]","[3, 3, 3, 1, 3, 1, 1, 3, 3, 3, 3, 3, 3, 3, 3, 3, 3, 1, 0, 1, 1, 3]"
note_0074_09,case_0074,nursing_shift_note,neurology,0.5645161290322581,0.5967741935483871,medium,medium,"[3, 2, 1, 1, 3, 1, 1, 3, 3, 3, 3, 3, 3, 3, 1, 3, 3, 1, 0, 3, 1, 3]","[3, 2, 1, 1, 3, 3, 1, 3, 3, 3, 3, 3, 3, 3, 3, 3, 1, 1, 0, 1, 1, 3]"
note_0074_10,case_0074,abbreviation_heavy,neurology,0.9193548387096774,0.7741935483870968,high,medium,"[3, 2, 3, 3, 3, 3, 3, 3, 3, 3, 3, 3, 3, 3, 3, 3, 3, 1, 0, 3, 3, 3]","[3, 3, 3, 1, 3, 3, 3, 3, 3, 3, 3, 3, 3, 3, 3, 3, 3, 1, 0, 1, 1, 3]"
note_0075_01,case_0075,structured_sbar,pediatrics,1.0,1.0,high,high,"[3, 3, 3, 3, 3, 0, 0, 3, 3, 3, 3, 0, 3, 3, 3, 0, 0, 0, 0, 3, 3, 3]","[3, 3, 3, 3, 3, 0, 0, 3, 3, 3, 3, 0, 3, 3, 3, 0, 0, 0, 0, 3, 3, 3]"
note_0075_02,case_0075,terse_resident_signout,pediatrics,0.8333333333333334,0.8421052631578947,medium,medium,"[3, 3, 3, 3, 3, 0, 0, 3, 3, 3, 3, 0, 3, 2, 3, 0, 0, 0, 0, 2, 1, 3]","[3, 3, 3, 3, 0, 0, 0, 3, 3, 3, 3, 0, 3, 3, 3, 0, 0, 0, 0, 2, 1, 3]"
note_0075_03,case_0075,nursing_shift_note,pediatrics,0.6428571428571429,0.5238095238095238,medium,medium,"[3, 2, 1, 3, 3, 0, 0, 2, 3, 3, 1, 0, 3, 2, 3, 0, 0, 0, 0, 2, 1, 3]","[3, 2, 1, 1, 0, 0, 1, 3, 3, 3, 1, 0, 3, 2, 3, 0, 0, 0, 0, 2, 1, 3]"
note_0075_04,case_0075,abbreviation_heavy,pediatrics,0.7857142857142857,0.7857142857142857,medium,medium,"[3, 3, 3, 3, 3, 0, 0, 3, 3, 3, 3, 0, 3, 2, 1, 0, 0, 0, 0, 3, 1, 3]","[3, 3, 3, 3, 0, 0, 1, 3, 3, 3, 3, 0, 3, 2, 3, 0, 0, 0, 0, 3, 1, 3]"
note_0075_05,case_0075,verbose_unfocused,pediatrics,0.35714285714285715,0.25,low,low,"[2, 2, 1, 2, 1, 0, 0, 2, 2, 2, 2, 0, 2, 2, 2, 0, 0, 0, 0, 2, 1, 2]","[2, 2, 1, 1, 1, 1, 1, 2, 2, 2, 1, 0, 2, 2, 2, 1, 2, 0, 0, 2, 1, 2]"
note_0075_06,case_0075,messy_free_text,pediatrics,0.8809523809523809,0.8095238095238095,high,medium,"[3, 3, 3, 3, 3, 0, 0, 3, 3, 3, 3, 0, 3, 2, 3, 0, 0, 0, 0, 3, 1, 3]","[3, 3, 3, 3, 0, 0, 1, 3, 3, 3, 3, 0, 3, 3, 3, 0, 0, 0, 0, 3, 1, 3]"
note_0075_07,case_0075,structured_sbar,pediatrics,0.8333333333333334,0.8947368421052632,medium,high,"[3, 3, 3, 2, 3, 0, 0, 3, 3, 3, 2, 0, 3, 2, 3, 0, 0, 0, 0, 3, 1, 3]","[3, 3, 3, 3, 0, 0, 0, 3, 3, 3, 3, 0, 3, 3, 3, 0, 0, 0, 0, 3, 1, 3]"
note_0075_08,case_0075,terse_resident_signout,pediatrics,0.8333333333333334,0.8421052631578947,medium,medium,"[3, 3, 3, 3, 3, 0, 0, 3, 3, 3, 3, 0, 3, 2, 3, 0, 0, 0, 0, 2, 1, 3]","[3, 3, 3, 3, 0, 0, 0, 3, 3, 3, 3, 0, 3, 3, 3, 0, 0, 0, 0, 2, 1, 3]"
note_0075_09,case_0075,nursing_shift_note,pediatrics,0.8809523809523809,0.8421052631578947,high,medium,"[3, 3, 3, 3, 3, 0, 0, 3, 3, 3, 3, 0, 3, 2, 3, 0, 0, 0, 0, 3, 1, 3]","[3, 3, 3, 3, 0, 0, 0, 3, 3, 3, 3, 0, 3, 3, 3, 0, 0, 0, 0, 2, 1, 3]"
note_0075_10,case_0075,abbreviation_heavy,pediatrics,0.8809523809523809,0.8095238095238095,high,medium,"[3, 3, 3, 3, 3, 0, 0, 3, 3, 3, 3, 0, 3, 2, 3, 0, 0, 0, 0, 3, 1, 3]","[3, 3, 3, 3, 0, 0, 1, 3, 3, 3, 3, 0, 3, 3, 3, 0, 0, 0, 0, 3, 1, 3]"
note_0077_01,case_0077,structured_sbar,surgery,0.9310344827586207,1.0,high,high,"[3, 3, 3, 3, 3, 3, 3, 3, 3, 0, 3, 3, 1, 3, 3, 3, 3, 0, 3, 3, 3, 3]","[3, 3, 3, 3, 3, 3, 3, 3, 3, 3, 3, 3, 3, 3, 3, 3, 3, 3, 3, 3, 3, 3]"
note_0077_02,case_0077,terse_resident_signout,surgery,0.896551724137931,0.78125,high,medium,"[3, 3, 3, 3, 3, 3, 3, 3, 3, 0, 3, 3, 1, 3, 3, 3, 3, 0, 3, 3, 2, 3]","[3, 3, 3, 1, 3, 3, 1, 3, 3, 3, 3, 3, 3, 3, 3, 3, 3, 1, 3, 3, 1, 3]"
note_0077_03,case_0077,nursing_shift_note,surgery,0.6206896551724138,0.515625,medium,medium,"[3, 2, 3, 3, 3, 2, 2, 2, 3, 0, 2, 3, 1, 2, 3, 2, 3, 0, 3, 2, 1, 1]","[3, 2, 1, 1, 3, 1, 1, 1, 3, 3, 1, 3, 3, 3, 3, 2, 3, 1, 3, 2, 1, 3]"
note_0077_04,case_0077,abbreviation_heavy,surgery,0.5517241379310345,0.5625,medium,medium,"[3, 2, 1, 1, 3, 1, 1, 3, 3, 0, 1, 3, 1, 2, 3, 3, 3, 0, 3, 3, 1, 3]","[3, 3, 1, 1, 3, 1, 1, 1, 3, 3, 1, 3, 3, 3, 3, 3, 3, 1, 3, 2, 1, 3]"
note_0077_05,case_0077,verbose_unfocused,surgery,0.4827586206896552,0.3125,low,low,"[3, 2, 1, 1, 3, 2, 2, 2, 3, 0, 2, 1, 1, 2, 3, 2, 3, 0, 2, 2, 1, 2]","[2, 2, 1, 1, 2, 1, 1, 1, 2, 2, 1, 2, 2, 2, 2, 2, 2, 1, 2, 2, 1, 3]"
note_0077_06,case_0077,messy_free_text,surgery,0.5517241379310345,0.625,medium,medium,"[3, 2, 1, 1, 3, 1, 1, 3, 3, 0, 1, 3, 1, 2, 3, 3, 3, 0, 3, 3, 1, 3]","[3, 3, 3, 1, 3, 1, 1, 1, 3, 3, 1, 3, 3, 3, 3, 3, 3, 1, 3, 2, 1, 3]"
note_0077_07,case_0077,structured_sbar,surgery,0.8275862068965517,1.0,medium,high,"[3, 3, 1, 1, 3, 3, 3, 3, 3, 0, 3, 3, 1, 3, 3, 3, 3, 0, 3, 3, 3, 3]","[3, 3, 3, 3, 3, 3, 3, 3, 3, 3, 3, 3, 3, 3, 3, 3, 3, 3, 3, 3, 3, 3]"
note_0077_08,case_0077,terse_resident_signout,surgery,0.6724137931034483,0.546875,medium,medium,"[3, 2, 3, 3, 3, 2, 2, 3, 3, 0, 2, 3, 1, 2, 3, 2, 3, 0, 3, 2, 1, 3]","[3, 2, 1, 1, 3, 1, 1, 1, 3, 3, 1, 3, 3, 3, 3, 3, 3, 1, 3, 2, 1, 3]"
note_0077_09,case_0077,nursing_shift_note,surgery,0.7068965517241379,0.71875,medium,medium,"[3, 2, 3, 3, 3, 2, 2, 3, 3, 0, 2, 3, 1, 2, 3, 2, 3, 0, 3, 2, 2, 3]","[3, 3, 3, 1, 3, 3, 1, 3, 3, 3, 1, 3, 3, 3, 3, 3, 3, 1, 3, 2, 1, 3]"
note_0077_10,case_0077,abbreviation_heavy,surgery,0.5517241379310345,0.625,medium,medium,"[3, 2, 1, 1, 3, 1, 1, 3, 3, 0, 1, 3, 1, 2, 3, 3, 3, 0, 3, 3, 1, 3]","[3, 3, 3, 1, 3, 1, 1, 1, 3, 3, 1, 3, 3, 3, 3, 3, 3, 1, 3, 2, 1, 3]"
note_0096_01,case_0096,structured_sbar,internal_medicine,1.0,1.0,high,high,"[3, 3, 3, 3, 3, 3, 3, 3, 3, 3, 3, 3, 3, 3, 3, 3, 3, 3, 3, 3, 3, 3]","[3, 3, 3, 3, 3, 3, 3, 3, 3, 3, 3, 3, 3, 3, 3, 3, 3, 3, 3, 3, 3, 3]"
note_0096_02,case_0096,terse_resident_signout,internal_medicine,0.96875,1.0,high,high,"[3, 3, 3, 3, 3, 3, 3, 3, 3, 3, 1, 3, 3, 3, 3, 3, 3, 3, 3, 3, 3, 3]","[3, 3, 3, 3, 3, 3, 3, 3, 3, 3, 3, 3, 3, 3, 3, 3, 3, 3, 3, 3, 3, 3]"
note_0096_03,case_0096,nursing_shift_note,internal_medicine,0.5625,0.46875,medium,low,"[3, 2, 1, 1, 1, 1, 1, 3, 2, 2, 1, 3, 3, 2, 3, 3, 3, 3, 3, 3, 1, 3]","[3, 2, 1, 1, 1, 1, 1, 1, 3, 3, 1, 3, 3, 2, 3, 1, 3, 3, 3, 2, 1, 3]"
note_0096_04,case_0096,abbreviation_heavy,internal_medicine,0.78125,0.9838709677419355,medium,high,"[3, 2, 3, 3, 1, 1, 3, 3, 3, 3, 1, 3, 3, 2, 3, 3, 3, 3, 1, 3, 3, 3]","[3, 3, 3, 3, 3, 3, 3, 3, 3, 3, 3, 3, 3, 2, 3, 3, 3, 3, 0, 3, 3, 3]"
note_0096_05,case_0096,verbose_unfocused,internal_medicine,0.5,0.25806451612903225,medium,low,"[3, 2, 1, 1, 2, 1, 2, 2, 2, 2, 2, 1, 2, 2, 2, 1, 3, 3, 3, 3, 2, 3]","[2, 2, 1, 1, 1, 1, 1, 1, 2, 2, 1, 0, 2, 2, 2, 1, 2, 2, 1, 2, 1, 3]"
note_0096_06,case_0096,messy_free_text,internal_medicine,0.9375,1.0,high,high,"[3, 2, 3, 3, 3, 3, 3, 3, 3, 3, 1, 3, 3, 2, 3, 3, 3, 3, 3, 3, 3, 3]","[3, 3, 3, 3, 3, 3, 3, 3, 3, 3, 3, 3, 3, 3, 3, 3, 3, 3, 3, 3, 3, 3]"
note_0096_07,case_0096,structured_sbar,internal_medicine,0.96875,1.0,high,high,"[3, 3, 3, 3, 3, 3, 3, 3, 3, 3, 3, 3, 3, 3, 3, 3, 3, 3, 1, 3, 3, 3]","[3, 3, 3, 3, 3, 3, 3, 3, 3, 3, 3, 3, 3, 3, 3, 3, 3, 3, 0, 3, 3, 3]"
note_0096_08,case_0096,terse_resident_signout,internal_medicine,0.65625,0.625,medium,medium,"[3, 1, 3, 3, 3, 1, 1, 3, 2, 2, 1, 3, 3, 1, 3, 3, 3, 3, 1, 3, 1, 3]","[3, 2, 3, 1, 3, 1, 1, 3, 3, 3, 1, 3, 3, 2, 3, 1, 3, 3, 1, 3, 1, 3]"
note_0096_09,case_0096,nursing_shift_note,internal_medicine,0.90625,0.96875,high,high,"[3, 2, 3, 3, 3, 3, 3, 3, 3, 3, 1, 3, 3, 2, 3, 3, 3, 3, 1, 3, 3, 3]","[3, 3, 3, 3, 3, 3, 3, 3, 3, 3, 3, 3, 3, 3, 3, 3, 3, 3, 1, 3, 3, 3]"
note_0096_10,case_0096,abbreviation_heavy,internal_medicine,0.9375,1.0,high,high,"[3, 2, 3, 3, 3, 3, 3, 3, 3, 3, 1, 3, 3, 2, 3, 3, 3, 3, 3, 3, 3, 3]","[3, 3, 3, 3, 3, 3, 3, 3, 3, 3, 3, 3, 3, 3, 3, 3, 3, 3, 3, 3, 3, 3]"
note_0099_01,case_0099,structured_sbar,pediatrics,1.0,1.0,high,high,"[3, 3, 3, 3, 0, 0, 0, 3, 3, 3, 3, 0, 3, 3, 3, 0, 0, 0, 0, 3, 3, 3]","[3, 3, 3, 3, 3, 0, 0, 3, 3, 3, 3, 0, 3, 3, 3, 0, 0, 0, 0, 3, 3, 3]"
note_0099_02,case_0099,terse_resident_signout,pediatrics,0.9210526315789473,0.8571428571428571,high,high,"[3, 3, 3, 1, 0, 0, 0, 3, 3, 3, 3, 0, 3, 2, 3, 0, 0, 0, 0, 3, 3, 3]","[3, 3, 3, 1, 3, 0, 0, 3, 3, 3, 3, 0, 3, 3, 3, 0, 0, 0, 0, 3, 1, 3]"
note_0099_03,case_0099,nursing_shift_note,pediatrics,0.5789473684210527,0.5714285714285714,medium,medium,"[3, 2, 1, 1, 0, 0, 0, 3, 3, 3, 3, 0, 3, 2, 2, 0, 0, 0, 0, 2, 1, 3]","[3, 2, 1, 1, 0, 0, 1, 3, 3, 3, 3, 0, 3, 2, 3, 0, 0, 0, 0, 2, 1, 3]"
note_0099_04,case_0099,abbreviation_heavy,pediatrics,0.7105263157894737,0.7857142857142857,medium,medium,"[3, 3, 1, 1, 0, 0, 0, 3, 3, 3, 3, 0, 3, 2, 3, 0, 0, 0, 0, 3, 1, 3]","[3, 3, 3, 3, 0, 0, 1, 3, 3, 3, 3, 0, 3, 2, 3, 0, 0, 0, 0, 3, 1, 3]"
note_0099_05,case_0099,verbose_unfocused,pediatrics,0.6052631578947368,0.28,medium,low,"[3, 2, 2, 2, 0, 0, 0, 2, 3, 3, 2, 0, 2, 2, 2, 0, 0, 0, 0, 2, 2, 3]","[2, 2, 1, 1, 0, 1, 1, 2, 2, 2, 1, 0, 2, 2, 2, 1, 0, 0, 0, 2, 1, 3]"
note_0099_06,case_0099,messy_free_text,pediatrics,0.9210526315789473,0.7857142857142857,high,medium,"[3, 3, 3, 1, 0, 0, 0, 3, 3, 3, 3, 0, 3, 2, 3, 0, 0, 0, 0, 3, 3, 3]","[3, 3, 3, 3, 0, 0, 1, 3, 3, 3, 3, 0, 3, 2, 3, 0, 0, 0, 0, 3, 1, 3]"
note_0099_07,case_0099,structured_sbar,pediatrics,0.868421052631579,0.7894736842105263,high,medium,"[3, 3, 1, 2, 0, 0, 0, 3, 3, 3, 3, 0, 3, 3, 3, 0, 0, 0, 0, 3, 3, 3]","[3, 3, 1, 3, 0, 0, 0, 3, 3, 3, 3, 0, 3, 3, 3, 0, 0, 0, 0, 3, 1, 3]"
note_0099_08,case_0099,terse_resident_signout,pediatrics,0.9210526315789473,0.8421052631578947,high,medium,"[3, 3, 3, 1, 0, 0, 0, 3, 3, 3, 3, 0, 3, 2, 3, 0, 0, 0, 0, 3, 3, 3]","[3, 3, 3, 1, 0, 0, 0, 3, 3, 3, 3, 0, 3, 3, 3, 0, 0, 0, 0, 3, 1, 3]"
note_0099_09,case_0099,nursing_shift_note,pediatrics,0.9210526315789473,0.8571428571428571,high,high,"[3, 3, 3, 1, 0, 0, 0, 3, 3, 3, 3, 0, 3, 2, 3, 0, 0, 0, 0, 3, 3, 3]","[3, 3, 3, 1, 3, 0, 0, 3, 3, 3, 3, 0, 3, 3, 3, 0, 0, 0, 0, 3, 1, 3]"
note_0099_10,case_0099,abbreviation_heavy,pediatrics,0.9210526315789473,0.7857142857142857,high,medium,"[3, 3, 3, 1, 0, 0, 0, 3, 3, 3, 3, 0, 3, 2, 3, 0, 0, 0, 0, 3, 3, 3]","[3, 3, 3, 3, 0, 0, 1, 3, 3, 3, 3, 0, 3, 2, 3, 0, 0, 0, 0, 3, 1, 3]"
note_0116_01,case_0116,structured_sbar,emergency_observation,1.0,1.0,high,high,"[3, 3, 3, 3, 3, 0, 0, 3, 3, 3, 3, 3, 3, 3, 3, 0, 3, 3, 0, 0, 3, 3]","[3, 3, 3, 3, 3, 3, 3, 3, 3, 3, 3, 3, 3, 3, 3, 3, 3, 3, 0, 3, 3, 3]"
note_0116_02,case_0116,terse_resident_signout,emergency_observation,0.8478260869565217,0.7142857142857143,medium,medium,"[3, 3, 3, 1, 3, 0, 0, 3, 3, 3, 3, 3, 3, 2, 3, 0, 3, 3, 0, 0, 1, 3]","[3, 3, 3, 1, 3, 0, 1, 3, 3, 3, 3, 3, 3, 3, 3, 0, 3, 3, 1, 1, 1, 3]"
note_0116_03,case_0116,nursing_shift_note,emergency_observation,0.43478260869565216,0.3870967741935484,low,low,"[3, 2, 1, 1, 1, 0, 0, 1, 3, 3, 1, 3, 3, 2, 3, 0, 1, 1, 0, 0, 1, 3]","[3, 2, 1, 1, 3, 1, 1, 1, 3, 3, 1, 3, 3, 2, 3, 1, 1, 1, 0, 1, 1, 3]"
note_0116_04,case_0116,abbreviation_heavy,emergency_observation,0.74,0.609375,medium,medium,"[3, 3, 3, 1, 3, 0, 1, 3, 3, 3, 1, 3, 3, 2, 3, 0, 3, 3, 0, 0, 1, 3]","[3, 1, 3, 1, 3, 1, 1, 3, 3, 3, 1, 3, 3, 2, 3, 3, 3, 3, 1, 1, 1, 3]"
note_0116_05,case_0116,verbose_unfocused,emergency_observation,0.32,0.2,low,low,"[3, 2, 1, 1, 1, 0, 1, 1, 3, 3, 1, 1, 3, 2, 2, 0, 1, 1, 0, 0, 1, 3]","[2, 2, 1, 1, 2, 1, 1, 1, 2, 2, 1, 0, 2, 2, 2, 1, 1, 1, 0, 1, 1, 2]"
note_0116_06,case_0116,messy_free_text,emergency_observation,0.8478260869565217,0.625,medium,medium,"[3, 3, 3, 3, 3, 0, 0, 3, 3, 3, 1, 3, 3, 2, 3, 0, 3, 3, 0, 0, 1, 3]","[3, 2, 3, 1, 3, 1, 1, 3, 3, 3, 1, 3, 3, 2, 3, 3, 3, 3, 1, 1, 1, 3]"
note_0116_07,case_0116,structured_sbar,emergency_observation,0.48,0.5161290322580645,low,medium,"[3, 3, 1, 1, 1, 0, 1, 1, 3, 3, 3, 3, 3, 3, 3, 0, 1, 1, 0, 0, 1, 3]","[3, 3, 1, 1, 3, 1, 1, 3, 3, 3, 3, 3, 3, 3, 3, 2, 1, 1, 0, 1, 1, 3]"
note_0116_08,case_0116,terse_resident_signout,emergency_observation,0.717391304347826,0.6333333333333333,medium,medium,"[3, 2, 3, 1, 1, 0, 0, 1, 3, 3, 3, 3, 3, 3, 3, 0, 3, 3, 0, 0, 1, 3]","[3, 2, 3, 1, 3, 1, 1, 3, 3, 3, 3, 3, 3, 2, 3, 0, 3, 3, 1, 1, 1, 3]"
note_0116_09,case_0116,nursing_shift_note,emergency_observation,0.8260869565217391,0.8666666666666667,medium,high,"[3, 3, 3, 1, 1, 0, 0, 1, 3, 3, 3, 3, 3, 3, 3, 0, 3, 3, 0, 0, 3, 3]","[3, 3, 3, 1, 3, 0, 1, 3, 3, 3, 3, 3, 3, 3, 3, 3, 3, 3, 1, 3, 3, 3]"
note_0116_10,case_0116,abbreviation_heavy,emergency_observation,0.8478260869565217,0.6875,medium,medium,"[3, 3, 3, 3, 3, 0, 0, 3, 3, 3, 1, 3, 3, 2, 3, 0, 3, 3, 0, 0, 1, 3]","[3, 2, 3, 1, 3, 1, 1, 3, 3, 3, 1, 3, 3, 2, 3, 3, 3, 3, 1, 3, 1, 3]"
note_0122_01,case_0122,structured_sbar,orthopedics,0.7142857142857143,1.0,medium,high,"[3, 3, 3, 3, 3, 3, 1, 3, 3, 3, 3, 3, 0, 3, 0, 3, 3, 1, 3, 1, 1, 3]","[3, 3, 3, 3, 3, 3, 3, 3, 3, 3, 3, 3, 0, 3, 3, 3, 3, 3, 3, 3, 3, 3]"
note_0122_02,case_0122,terse_resident_signout,orthopedics,0.6428571428571429,0.7,medium,medium,"[3, 3, 3, 1, 3, 3, 1, 2, 3, 3, 3, 3, 0, 3, 0, 3, 3, 1, 2, 1, 1, 3]","[3, 3, 3, 1, 3, 1, 1, 3, 3, 3, 3, 3, 0, 3, 3, 3, 3, 1, 3, 3, 1, 3]"
note_0122_03,case_0122,nursing_shift_note,orthopedics,0.3392857142857143,0.453125,low,low,"[3, 2, 1, 1, 3, 1, 1, 1, 2, 2, 1, 3, 0, 3, 0, 1, 2, 1, 2, 2, 1, 3]","[3, 2, 1, 1, 3, 1, 1, 1, 3, 3, 1, 3, 3, 3, 3, 1, 1, 1, 3, 2, 1, 3]"
note_0122_04,case_0122,abbreviation_heavy,orthopedics,0.5357142857142857,0.6964285714285714,medium,medium,"[3, 2, 3, 3, 3, 1, 1, 2, 3, 3, 2, 3, 0, 3, 0, 3, 3, 1, 2, 1, 1, 1]","[3, 2, 3, 1, 3, 1, 1, 3, 3, 3, 1, 3, 0, 3, 0, 3, 3, 3, 3, 3, 1, 3]"
note_0122_05,case_0122,verbose_unfocused,orthopedics,0.2857142857142857,0.375,low,low,"[3, 2, 1, 1, 2, 1, 1, 1, 2, 2, 2, 3, 0, 2, 0, 2, 2, 1, 2, 1, 1, 2]","[3, 2, 1, 1, 2, 1, 1, 1, 2, 2, 2, 3, 0, 2, 0, 2, 2, 2, 2, 2, 1, 3]"
note_0122_07,case_0122,structured_sbar,orthopedics,0.5357142857142857,1.0,medium,high,"[3, 3, 1, 3, 3, 1, 1, 2, 3, 3, 3, 3, 0, 3, 0, 3, 3, 1, 2, 1, 1, 3]","[3, 3, 3, 3, 3, 3, 3, 3, 3, 3, 3, 3, 3, 3, 3, 3, 3, 3, 3, 3, 3, 3]"
note_0122_08,case_0122,terse_resident_signout,orthopedics,0.35714285714285715,0.48214285714285715,low,low,"[3, 2, 1, 1, 3, 1, 1, 1, 3, 3, 1, 3, 0, 3, 0, 1, 3, 1, 2, 1, 1, 3]","[3, 2, 1, 1, 3, 1, 1, 1, 3, 3, 1, 3, 0, 3, 0, 3, 3, 1, 3, 2, 1, 3]"
note_0122_09,case_0122,nursing_shift_note,orthopedics,0.48214285714285715,0.6785714285714286,low,medium,"[3, 2, 3, 1, 3, 1, 1, 2, 3, 3, 3, 3, 0, 3, 0, 1, 3, 1, 2, 1, 1, 3]","[3, 3, 3, 1, 3, 1, 1, 3, 3, 3, 3, 3, 0, 3, 0, 3, 3, 1, 3, 3, 1, 3]"
note_0127_01,case_0127,structured_sbar,cardiology,0.967741935483871,1.0,high,high,"[3, 3, 3, 3, 3, 3, 3, 3, 3, 3, 3, 3, 3, 3, 3, 3, 3, 2, 0, 3, 3, 3]","[3, 3, 3, 3, 3, 3, 3, 3, 3, 3, 3, 3, 3, 3, 3, 3, 3, 3, 0, 3, 3, 3]"
note_0127_02,case_0127,terse_resident_signout,cardiology,0.9354838709677419,0.8064516129032258,high,medium,"[3, 3, 3, 3, 3, 3, 3, 3, 3, 3, 3, 3, 3, 3, 3, 3, 1, 2, 0, 3, 3, 3]","[3, 3, 3, 1, 3, 3, 3, 3, 3, 3, 3, 3, 3, 3, 3, 3, 1, 1, 0, 1, 3, 3]"
note_0127_03,case_0127,nursing_shift_note,cardiology,0.5967741935483871,0.3548387096774194,medium,low,"[3, 3, 1, 3, 3, 1, 1, 3, 3, 3, 1, 3, 3, 2, 3, 3, 1, 2, 0, 2, 1, 3]","[3, 2, 1, 1, 3, 1, 1, 1, 2, 2, 1, 3, 3, 2, 3, 1, 1, 1, 0, 1, 1, 3]"
note_0127_04,case_0127,abbreviation_heavy,cardiology,0.6612903225806451,0.5645161290322581,medium,medium,"[3, 3, 1, 3, 3, 1, 3, 3, 3, 3, 1, 3, 3, 2, 3, 3, 1, 2, 0, 2, 1, 3]","[3, 2, 3, 1, 3, 1, 1, 3, 3, 3, 1, 3, 3, 3, 3, 3, 1, 1, 0, 1, 1, 3]"
note_0127_05,case_0127,verbose_unfocused,cardiology,0.5806451612903226,0.3387096774193548,medium,low,"[3, 2, 2, 3, 2, 2, 2, 2, 2, 2, 2, 2, 3, 2, 2, 2, 2, 2, 0, 2, 2, 3]","[2, 2, 1, 1, 2, 1, 1, 1, 2, 2, 1, 2, 2, 2, 2, 2, 2, 2, 0, 2, 1, 3]"
note_0127_06,case_0127,messy_free_text,cardiology,0.8709677419354839,0.7903225806451613,high,medium,"[3, 3, 3, 3, 3, 3, 3, 3, 3, 3, 1, 3, 3, 3, 3, 3, 3, 2, 0, 3, 1, 3]","[3, 2, 3, 1, 3, 3, 3, 3, 3, 3, 1, 3, 3, 3, 3, 3, 3, 1, 0, 1, 3, 3]"
note_0127_07,case_0127,structured_sbar,cardiology,0.967741935483871,0.9032258064516129,high,high,"[3, 3, 3, 3, 3, 3, 3, 3, 3, 3, 3, 3, 3, 3, 3, 3, 3, 2, 0, 3, 3, 3]","[3, 3, 3, 1, 3, 3, 3, 3, 3, 3, 3, 3, 3, 3, 3, 3, 3, 1, 0, 3, 3, 3]"
note_0127_08,case_0127,terse_resident_signout,cardiology,0.7258064516129032,0.46774193548387094,medium,low,"[3, 3, 3, 3, 3, 1, 1, 3, 3, 3, 1, 3, 3, 2, 3, 3, 3, 2, 0, 3, 1, 3]","[3, 2, 3, 1, 3, 1, 1, 1, 3, 3, 1, 3, 3, 3, 3, 1, 1, 1, 0, 1, 1, 3]"
note_0127_09,case_0127,nursing_shift_note,cardiology,0.8387096774193549,0.532258064516129,medium,medium,"[3, 3, 3, 3, 3, 3, 1, 3, 3, 3, 1, 3, 3, 3, 3, 3, 1, 2, 0, 3, 3, 3]","[3, 2, 3, 1, 3, 1, 1, 1, 3, 3, 1, 3, 3, 3, 3, 3, 1, 1, 0, 1, 1, 3]"
note_0127_10,case_0127,abbreviation_heavy,cardiology,0.875,0.8387096774193549,high,medium,"[3, 3, 3, 3, 3, 3, 3, 3, 3, 3, 1, 3, 3, 3, 3, 3, 3, 2, 3, 3, 1, 3]","[3, 3, 3, 1, 3, 3, 3, 3, 3, 3, 3, 3, 3, 3, 3, 3, 3, 1, 0, 1, 3, 3]"
note_0133_01,case_0133,structured_sbar,internal_medicine,1.0,1.0,high,high,"[3, 3, 3, 3, 3, 0, 0, 3, 3, 3, 3, 3, 3, 3, 3, 3, 3, 3, 0, 3, 3, 3]","[3, 3, 3, 3, 3, 0, 3, 3, 3, 3, 3, 3, 3, 3, 3, 3, 3, 3, 3, 3, 3, 3]"
note_0133_02,case_0133,terse_resident_signout,internal_medicine,0.8518518518518519,0.6,high,medium,"[3, 3, 1, 3, 3, 0, 0, 3, 3, 3, 3, 3, 3, 3, 3, 3, 3, 3, 0, 3, 1, 3]","[3, 2, 1, 1, 3, 0, 1, 3, 3, 3, 1, 3, 3, 2, 3, 1, 3, 3, 1, 3, 1, 3]"
note_0133_03,case_0133,nursing_shift_note,internal_medicine,0.6851851851851852,0.4375,medium,low,"[3, 2, 1, 3, 3, 0, 0, 2, 3, 1, 1, 3, 3, 2, 3, 3, 3, 3, 0, 2, 1, 3]","[3, 2, 1, 1, 1, 1, 1, 1, 3, 3, 1, 3, 3, 2, 3, 1, 3, 3, 1, 2, 1, 3]"
note_0133_04,case_0133,abbreviation_heavy,internal_medicine,0.6,0.625,medium,medium,"[3, 2, 1, 1, 3, 0, 1, 3, 3, 1, 1, 3, 3, 2, 3, 1, 3, 3, 1, 2, 3, 3]","[3, 2, 3, 1, 3, 1, 1, 3, 3, 3, 1, 3, 3, 2, 3, 1, 3, 3, 1, 3, 1, 3]"
note_0133_05,case_0133,verbose_unfocused,internal_medicine,0.2833333333333333,0.265625,low,low,"[2, 2, 1, 1, 1, 0, 1, 2, 2, 2, 1, 2, 2, 2, 2, 1, 2, 2, 1, 2, 1, 2]","[2, 2, 1, 1, 1, 1, 1, 1, 2, 2, 1, 2, 2, 2, 2, 1, 2, 2, 1, 2, 1, 3]"
note_0133_06,case_0133,messy_free_text,internal_medicine,0.6833333333333333,0.7857142857142857,medium,medium,"[3, 2, 1, 3, 3, 0, 1, 3, 3, 3, 2, 3, 3, 2, 3, 3, 3, 3, 1, 2, 1, 3]","[3, 2, 3, 3, 3, 0, 1, 3, 3, 3, 3, 3, 3, 2, 3, 0, 3, 3, 1, 3, 1, 3]"
note_0133_07,case_0133,structured_sbar,internal_medicine,0.7333333333333333,0.6964285714285714,medium,medium,"[3, 3, 1, 1, 3, 0, 1, 3, 3, 3, 3, 3, 3, 3, 3, 1, 3, 3, 1, 3, 3, 3]","[3, 2, 1, 1, 3, 0, 1, 3, 3, 3, 3, 3, 3, 3, 3, 0, 3, 3, 1, 3, 1, 3]"
note_0133_08,case_0133,terse_resident_signout,internal_medicine,0.5166666666666667,0.46875,medium,low,"[3, 1, 1, 1, 3, 0, 1, 3, 3, 1, 1, 3, 3, 2, 3, 1, 3, 3, 1, 2, 1, 3]","[3, 2, 1, 1, 1, 1, 1, 3, 3, 3, 1, 3, 3, 2, 3, 1, 3, 3, 1, 2, 1, 3]"
note_0133_09,case_0133,nursing_shift_note,internal_medicine,0.55,0.53125,medium,medium,"[3, 2, 1, 1, 3, 0, 1, 3, 3, 3, 2, 3, 3, 2, 3, 1, 1, 1, 1, 2, 3, 3]","[3, 2, 1, 1, 3, 1, 1, 3, 3, 3, 1, 3, 3, 2, 3, 1, 1, 1, 1, 3, 3, 3]"
note_0133_10,case_0133,abbreviation_heavy,internal_medicine,0.6833333333333333,0.7857142857142857,medium,medium,"[3, 2, 1, 3, 3, 0, 1, 3, 3, 3, 2, 3, 3, 2, 3, 3, 3, 3, 1, 2, 1, 3]","[3, 2, 3, 3, 3, 0, 1, 3, 3, 3, 3, 3, 3, 2, 3, 0, 3, 3, 1, 3, 1, 3]"
note_0134_01,case_0134,structured_sbar,emergency_observation,0.9583333333333334,1.0,high,high,"[3, 3, 3, 3, 3, 0, 0, 3, 3, 3, 3, 0, 3, 3, 3, 0, 3, 3, 0, 3, 2, 3]","[3, 3, 3, 3, 3, 0, 3, 3, 3, 3, 3, 0, 3, 3, 3, 0, 3, 3, 0, 3, 3, 3]"
note_0134_02,case_0134,terse_resident_signout,emergency_observation,0.8333333333333334,0.9166666666666666,medium,high,"[3, 2, 3, 3, 3, 0, 0, 3, 3, 3, 3, 0, 3, 2, 3, 0, 3, 3, 0, 2, 1, 3]","[3, 3, 3, 3, 3, 0, 0, 3, 3, 3, 3, 0, 3, 3, 3, 0, 3, 3, 0, 3, 1, 3]"
note_0134_03,case_0134,nursing_shift_note,emergency_observation,0.625,0.6153846153846154,medium,medium,"[3, 2, 1, 3, 1, 0, 0, 3, 3, 3, 1, 0, 3, 2, 3, 0, 3, 3, 0, 2, 1, 3]","[3, 2, 1, 1, 3, 0, 1, 3, 3, 3, 1, 0, 3, 2, 3, 0, 3, 3, 0, 2, 1, 3]"
note_0134_04,case_0134,abbreviation_heavy,emergency_observation,0.7307692307692307,0.8076923076923077,medium,medium,"[3, 2, 3, 3, 1, 0, 1, 3, 3, 3, 3, 0, 3, 2, 3, 0, 3, 3, 0, 3, 1, 3]","[3, 2, 3, 3, 3, 0, 1, 3, 3, 3, 3, 0, 3, 2, 3, 0, 3, 3, 0, 3, 1, 3]"
note_0134_05,case_0134,verbose_unfocused,emergency_observation,0.4423076923076923,0.23333333333333334,low,low,"[2, 2, 1, 1, 1, 0, 1, 2, 3, 3, 1, 0, 3, 2, 3, 0, 2, 2, 0, 2, 1, 3]","[2, 2, 1, 1, 1, 1, 1, 2, 2, 2, 1, 0, 2, 2, 2, 1, 2, 1, 0, 2, 1, 2]"
note_0134_06,case_0134,messy_free_text,emergency_observation,0.875,0.7962962962962963,high,medium,"[3, 2, 3, 3, 3, 0, 0, 3, 3, 3, 3, 0, 3, 2, 3, 0, 3, 3, 0, 3, 1, 3]","[3, 3, 3, 3, 3, 0, 1, 3, 3, 3, 3, 0, 3, 2, 3, 0, 3, 3, 1, 3, 1, 3]"
note_0134_07,case_0134,structured_sbar,emergency_observation,0.625,0.5769230769230769,medium,medium,"[3, 2, 1, 1, 1, 0, 0, 2, 3, 3, 3, 0, 3, 2, 3, 0, 3, 3, 0, 3, 1, 2]","[3, 2, 1, 1, 1, 0, 1, 3, 3, 3, 3, 0, 3, 2, 3, 0, 3, 3, 0, 2, 1, 3]"
note_0134_08,case_0134,terse_resident_signout,emergency_observation,0.6666666666666666,0.8125,medium,medium,"[3, 2, 1, 3, 1, 0, 0, 3, 3, 3, 3, 0, 3, 2, 3, 0, 3, 3, 0, 2, 1, 3]","[3, 2, 1, 3, 3, 0, 0, 3, 3, 3, 3, 0, 3, 3, 3, 0, 3, 3, 0, 3, 1, 3]"
note_0134_09,case_0134,nursing_shift_note,emergency_observation,0.75,0.9166666666666666,medium,high,"[3, 2, 3, 3, 1, 0, 0, 3, 3, 3, 3, 0, 3, 2, 3, 0, 3, 3, 0, 2, 1, 3]","[3, 3, 3, 3, 3, 0, 0, 3, 3, 3, 3, 0, 3, 3, 3, 0, 3, 3, 0, 3, 1, 3]"
note_0134_10,case_0134,abbreviation_heavy,emergency_observation,0.875,0.7777777777777778,high,medium,"[3, 2, 3, 3, 3, 0, 0, 3, 3, 3, 3, 0, 3, 2, 3, 0, 3, 3, 0, 3, 1, 3]","[3, 2, 3, 3, 3, 0, 1, 3, 3, 3, 3, 0, 3, 2, 3, 0, 3, 3, 1, 3, 1, 3]"
note_0147_01,case_0147,structured_sbar,pediatrics,1.0,1.0,high,high,"[3, 3, 3, 3, 3, 3, 3, 3, 3, 3, 3, 0, 3, 3, 3, 0, 0, 0, 0, 3, 3, 3]","[3, 3, 3, 3, 3, 0, 0, 3, 3, 3, 3, 0, 3, 3, 3, 0, 0, 0, 0, 3, 3, 3]"
note_0147_02,case_0147,terse_resident_signout,pediatrics,0.86,0.8947368421052632,high,high,"[3, 3, 3, 3, 3, 3, 3, 3, 3, 3, 3, 0, 3, 2, 3, 0, 0, 0, 0, 2, 1, 3]","[3, 3, 3, 3, 0, 0, 0, 3, 3, 3, 3, 0, 3, 3, 3, 0, 0, 0, 0, 3, 1, 3]"
note_0147_03,case_0147,nursing_shift_note,pediatrics,0.5,0.5238095238095238,medium,medium,"[3, 2, 1, 3, 3, 1, 1, 2, 3, 3, 1, 0, 3, 2, 2, 0, 0, 0, 0, 2, 1, 3]","[3, 2, 1, 1, 0, 0, 1, 3, 3, 3, 1, 0, 3, 2, 3, 0, 0, 0, 0, 2, 1, 3]"
note_0147_05,case_0147,verbose_unfocused,pediatrics,0.48,0.4523809523809524,low,low,"[3, 2, 3, 2, 3, 1, 1, 2, 2, 2, 1, 0, 2, 2, 2, 0, 0, 0, 0, 2, 1, 3]","[3, 2, 3, 1, 0, 0, 1, 2, 2, 2, 1, 0, 2, 2, 2, 0, 0, 0, 0, 2, 1, 3]"
note_0147_07,case_0147,structured_sbar,pediatrics,0.74,0.8947368421052632,medium,high,"[3, 3, 3, 3, 3, 1, 1, 3, 3, 3, 3, 0, 3, 2, 3, 0, 0, 0, 0, 3, 1, 3]","[3, 3, 3, 3, 0, 0, 0, 3, 3, 3, 3, 0, 3, 3, 3, 0, 0, 0, 0, 3, 1, 3]"
note_0147_08,case_0147,terse_resident_signout,pediatrics,0.7,0.8947368421052632,medium,high,"[3, 3, 3, 3, 3, 1, 1, 3, 3, 3, 3, 0, 3, 2, 3, 0, 0, 0, 0, 2, 1, 3]","[3, 3, 3, 3, 0, 0, 0, 3, 3, 3, 3, 0, 3, 3, 3, 0, 0, 0, 0, 3, 1, 3]"
note_0147_09,case_0147,nursing_shift_note,pediatrics,0.76,0.8947368421052632,medium,high,"[3, 3, 3, 3, 3, 1, 1, 3, 3, 3, 3, 0, 3, 3, 3, 0, 0, 0, 0, 3, 1, 3]","[3, 3, 3, 3, 0, 0, 0, 3, 3, 3, 3, 0, 3, 3, 3, 0, 0, 0, 0, 3, 1, 3]"
note_0147_10,case_0147,abbreviation_heavy,pediatrics,0.7222222222222222,0.7857142857142857,medium,medium,"[3, 3, 3, 3, 3, 1, 1, 3, 3, 3, 3, 0, 3, 2, 3, 3, 0, 0, 0, 2, 1, 3]","[3, 3, 3, 3, 0, 0, 1, 3, 3, 3, 3, 0, 3, 2, 3, 0, 0, 0, 0, 3, 1, 3]"
note_0149_01,case_0149,structured_sbar,orthopedics,0.9333333333333333,1.0,high,high,"[3, 3, 3, 3, 3, 3, 3, 3, 3, 3, 3, 3, 0, 3, 1, 3, 3, 3, 3, 3, 3, 3]","[3, 3, 3, 3, 3, 3, 3, 3, 3, 3, 3, 3, 3, 3, 3, 3, 3, 3, 3, 3, 3, 3]"
note_0149_02,case_0149,terse_resident_signout,orthopedics,0.75,0.6166666666666667,medium,medium,"[3, 3, 3, 1, 3, 3, 3, 1, 3, 3, 2, 3, 0, 2, 1, 3, 3, 3, 2, 3, 1, 3]","[3, 2, 3, 1, 3, 1, 1, 1, 3, 3, 1, 3, 0, 3, 3, 3, 3, 3, 3, 1, 1, 3]"
note_0149_03,case_0149,nursing_shift_note,orthopedics,0.45,0.53125,low,medium,"[3, 3, 1, 1, 3, 1, 1, 1, 3, 3, 1, 3, 0, 3, 1, 2, 3, 3, 2, 2, 1, 1]","[3, 2, 1, 1, 3, 1, 1, 1, 3, 3, 1, 3, 3, 2, 3, 1, 3, 3, 3, 2, 1, 3]"
note_0149_04,case_0149,abbreviation_heavy,orthopedics,0.45,0.6,low,medium,"[3, 3, 3, 1, 3, 1, 1, 1, 3, 3, 1, 3, 0, 2, 1, 1, 3, 3, 1, 1, 1, 3]","[3, 2, 3, 1, 3, 1, 1, 1, 3, 3, 1, 3, 0, 2, 3, 3, 3, 3, 3, 1, 1, 3]"
note_0149_05,case_0149,verbose_unfocused,orthopedics,0.31666666666666665,0.3333333333333333,low,low,"[3, 2, 1, 1, 2, 1, 1, 1, 2, 2, 2, 2, 0, 2, 1, 2, 2, 2, 1, 2, 1, 3]","[2, 2, 1, 1, 2, 1, 1, 1, 2, 2, 1, 2, 0, 2, 2, 2, 2, 2, 2, 2, 1, 3]"
note_0149_06,case_0149,messy_free_text,orthopedics,0.7666666666666667,0.703125,medium,medium,"[3, 3, 3, 1, 3, 3, 3, 3, 3, 3, 1, 3, 0, 3, 1, 3, 3, 3, 1, 3, 1, 3]","[3, 2, 3, 1, 3, 1, 1, 3, 3, 3, 1, 3, 3, 2, 3, 3, 3, 3, 2, 3, 1, 3]"
note_0149_07,case_0149,structured_sbar,orthopedics,0.85,0.9,high,high,"[3, 3, 3, 3, 3, 3, 3, 3, 3, 3, 3, 3, 0, 3, 1, 3, 3, 3, 2, 3, 1, 3]","[3, 3, 3, 1, 3, 3, 3, 3, 3, 3, 3, 3, 0, 3, 3, 3, 3, 3, 3, 3, 1, 3]"
note_0149_08,case_0149,terse_resident_signout,orthopedics,0.5,0.640625,medium,medium,"[3, 2, 3, 1, 3, 1, 1, 1, 3, 3, 1, 3, 0, 2, 1, 2, 3, 3, 1, 2, 1, 3]","[3, 2, 3, 1, 3, 1, 1, 1, 3, 3, 1, 3, 3, 3, 3, 3, 3, 3, 3, 1, 1, 3]"
note_0149_09,case_0149,nursing_shift_note,orthopedics,0.6,0.6833333333333333,medium,medium,"[3, 3, 3, 1, 3, 1, 1, 1, 3, 3, 1, 3, 0, 3, 1, 3, 3, 3, 1, 2, 2, 3]","[3, 2, 3, 1, 3, 1, 1, 1, 3, 3, 1, 3, 0, 3, 3, 3, 3, 3, 3, 3, 1, 3]"
note_0149_10,case_0149,abbreviation_heavy,orthopedics,0.7666666666666667,0.6166666666666667,medium,medium,"[3, 3, 3, 1, 3, 3, 3, 3, 3, 3, 1, 3, 0, 3, 1, 3, 3, 3, 1, 3, 1, 3]","[3, 2, 3, 1, 3, 1, 1, 1, 3, 3, 1, 3, 0, 3, 3, 3, 3, 3, 3, 1, 1, 3]"
note_0164_01,case_0164,structured_sbar,cardiology,0.875,1.0,high,high,"[3, 3, 3, 3, 3, 3, 3, 3, 3, 3, 3, 3, 3, 3, 3, 3, 3, 2, 1, 1, 3, 3]","[3, 3, 3, 3, 3, 3, 3, 3, 3, 3, 3, 3, 3, 3, 3, 3, 3, 3, 0, 3, 3, 3]"
note_0164_02,case_0164,terse_resident_signout,cardiology,0.796875,0.6612903225806451,medium,medium,"[3, 3, 3, 1, 3, 3, 3, 3, 2, 3, 3, 3, 3, 3, 3, 3, 3, 1, 1, 1, 3, 3]","[3, 2, 3, 1, 3, 3, 1, 3, 3, 3, 1, 3, 3, 3, 3, 3, 3, 1, 0, 1, 1, 3]"
note_0164_03,case_0164,nursing_shift_note,cardiology,0.5,0.3870967741935484,medium,low,"[3, 2, 1, 1, 3, 2, 2, 3, 3, 1, 1, 3, 3, 2, 3, 2, 3, 1, 1, 1, 1, 3]","[3, 2, 1, 1, 3, 1, 1, 1, 3, 3, 1, 3, 3, 2, 3, 1, 1, 1, 0, 1, 1, 3]"
note_0164_04,case_0164,abbreviation_heavy,cardiology,0.5625,0.5806451612903226,medium,medium,"[3, 3, 3, 1, 3, 1, 1, 3, 3, 3, 1, 3, 3, 3, 3, 2, 3, 1, 1, 1, 1, 3]","[3, 2, 3, 1, 3, 1, 1, 3, 3, 3, 1, 3, 3, 2, 3, 3, 3, 1, 0, 1, 1, 3]"
note_0164_05,case_0164,verbose_unfocused,cardiology,0.515625,0.3,medium,low,"[3, 2, 3, 2, 2, 2, 2, 2, 2, 2, 2, 2, 2, 2, 2, 2, 2, 2, 1, 1, 2, 3]","[2, 2, 1, 1, 2, 1, 1, 1, 2, 2, 1, 0, 2, 2, 2, 1, 2, 2, 0, 2, 1, 3]"
note_0164_06,case_0164,messy_free_text,cardiology,0.71875,0.8064516129032258,medium,medium,"[3, 3, 3, 1, 3, 3, 3, 3, 3, 3, 1, 3, 3, 3, 3, 3, 3, 1, 1, 1, 1, 3]","[3, 3, 3, 1, 3, 3, 3, 3, 3, 3, 1, 3, 3, 3, 3, 3, 3, 1, 0, 1, 3, 3]"
note_0164_07,case_0164,structured_sbar,cardiology,0.84375,0.967741935483871,medium,high,"[3, 3, 3, 3, 3, 3, 3, 3, 3, 3, 3, 3, 3, 3, 3, 2, 3, 2, 1, 1, 3, 3]","[3, 3, 3, 1, 3, 3, 3, 3, 3, 3, 3, 3, 3, 3, 3, 3, 3, 3, 0, 3, 3, 3]"
note_0164_08,case_0164,terse_resident_signout,cardiology,0.703125,0.6290322580645161,medium,medium,"[3, 3, 3, 1, 3, 3, 3, 3, 3, 3, 1, 3, 3, 2, 3, 3, 3, 1, 1, 1, 1, 3]","[3, 2, 3, 1, 3, 3, 1, 3, 3, 3, 1, 3, 3, 3, 3, 3, 1, 1, 0, 1, 1, 3]"
note_0164_09,case_0164,nursing_shift_note,cardiology,0.78125,0.8387096774193549,medium,medium,"[3, 3, 3, 1, 3, 3, 3, 3, 3, 3, 1, 3, 3, 3, 3, 3, 3, 1, 1, 1, 3, 3]","[3, 3, 3, 1, 3, 3, 3, 3, 3, 3, 3, 3, 3, 3, 3, 3, 3, 1, 0, 1, 3, 3]"
note_0164_10,case_0164,abbreviation_heavy,cardiology,0.71875,0.6612903225806451,medium,medium,"[3, 3, 3, 1, 3, 3, 3, 3, 3, 3, 1, 3, 3, 3, 3, 3, 3, 1, 1, 1, 1, 3]","[3, 3, 3, 1, 3, 1, 3, 3, 3, 3, 1, 3, 3, 2, 3, 3, 3, 1, 0, 1, 1, 3]"
note_0168_01,case_0168,structured_sbar,orthopedics,0.9666666666666667,1.0,high,high,"[3, 3, 3, 3, 3, 3, 3, 3, 3, 3, 3, 3, 0, 3, 3, 3, 3, 3, 3, 2, 3, 3]","[3, 3, 3, 3, 3, 3, 3, 3, 3, 3, 3, 3, 0, 3, 3, 3, 3, 3, 3, 3, 3, 3]"
note_0168_02,case_0168,terse_resident_signout,orthopedics,0.9333333333333333,0.8928571428571429,high,high,"[3, 3, 3, 1, 3, 3, 3, 3, 3, 3, 3, 3, 0, 3, 3, 3, 3, 3, 3, 2, 3, 3]","[3, 3, 3, 1, 3, 3, 3, 3, 3, 3, 3, 3, 0, 3, 0, 3, 3, 3, 3, 3, 1, 3]"
note_0168_03,case_0168,nursing_shift_note,orthopedics,0.26666666666666666,0.453125,low,low,"[3, 3, 1, 1, 1, 1, 1, 1, 2, 2, 1, 3, 0, 3, 3, 1, 1, 1, 3, 1, 1, 1]","[3, 2, 1, 1, 3, 1, 1, 1, 3, 3, 1, 3, 3, 3, 3, 1, 1, 1, 3, 2, 1, 3]"
note_0168_04,case_0168,abbreviation_heavy,orthopedics,0.7,0.5892857142857143,medium,medium,"[3, 3, 3, 1, 3, 1, 1, 3, 3, 3, 1, 3, 0, 3, 3, 3, 3, 3, 3, 2, 1, 3]","[3, 2, 3, 1, 3, 1, 1, 1, 3, 3, 1, 3, 0, 3, 0, 3, 3, 3, 3, 1, 1, 3]"
note_0168_05,case_0168,verbose_unfocused,orthopedics,0.31666666666666665,0.4107142857142857,low,low,"[3, 2, 1, 1, 2, 1, 1, 1, 2, 2, 1, 2, 0, 2, 1, 2, 2, 2, 2, 2, 1, 3]","[3, 2, 1, 1, 2, 1, 1, 1, 2, 2, 1, 3, 0, 2, 0, 2, 3, 3, 2, 2, 1, 3]"
note_0168_06,case_0168,messy_free_text,orthopedics,0.8333333333333334,0.625,medium,medium,"[3, 3, 3, 1, 3, 3, 3, 3, 3, 3, 1, 3, 0, 3, 3, 3, 3, 3, 3, 2, 1, 3]","[3, 2, 3, 1, 3, 1, 1, 1, 3, 3, 1, 3, 0, 3, 0, 3, 3, 3, 3, 2, 1, 3]"
note_0168_07,case_0168,structured_sbar,orthopedics,0.9666666666666667,0.9,high,high,"[3, 3, 3, 3, 3, 3, 3, 3, 3, 3, 3, 3, 0, 3, 3, 3, 3, 3, 3, 2, 3, 3]","[3, 3, 3, 1, 3, 3, 3, 3, 3, 3, 3, 3, 0, 3, 3, 3, 3, 3, 3, 3, 1, 3]"
note_0168_08,case_0168,terse_resident_signout,orthopedics,0.8333333333333334,0.6607142857142857,medium,medium,"[3, 3, 3, 1, 3, 3, 3, 3, 3, 3, 1, 3, 0, 3, 3, 3, 3, 3, 3, 2, 1, 3]","[3, 2, 3, 1, 3, 1, 1, 1, 3, 3, 1, 3, 0, 3, 0, 3, 3, 3, 3, 3, 1, 3]"
note_0168_09,case_0168,nursing_shift_note,orthopedics,0.9333333333333333,0.8928571428571429,high,high,"[3, 3, 3, 1, 3, 3, 3, 3, 3, 3, 3, 3, 0, 3, 3, 3, 3, 3, 3, 2, 3, 3]","[3, 3, 3, 1, 3, 3, 3, 3, 3, 3, 3, 3, 0, 3, 0, 3, 3, 3, 3, 3, 1, 3]"
note_0168_10,case_0168,abbreviation_heavy,orthopedics,0.8333333333333334,0.6607142857142857,medium,medium,"[3, 3, 3, 1, 3, 3, 3, 3, 3, 3, 1, 3, 0, 3, 3, 3, 3, 3, 3, 2, 1, 3]","[3, 2, 3, 1, 3, 1, 1, 1, 3, 3, 1, 3, 0, 3, 0, 3, 3, 3, 3, 3, 1, 3]"
note_0171_01,case_0171,structured_sbar,surgery,1.0,1.0,high,high,"[3, 3, 3, 3, 3, 3, 0, 3, 3, 3, 3, 3, 3, 3, 3, 3, 3, 3, 3, 3, 3, 3]","[3, 3, 3, 3, 3, 3, 3, 3, 3, 3, 3, 3, 3, 3, 3, 3, 3, 3, 3, 3, 3, 3]"
note_0171_02,case_0171,terse_resident_signout,surgery,0.7833333333333333,0.7,medium,medium,"[3, 3, 3, 1, 3, 3, 0, 2, 3, 2, 3, 3, 3, 2, 3, 3, 3, 1, 1, 3, 2, 3]","[3, 3, 3, 1, 3, 1, 1, 3, 3, 3, 1, 3, 3, 3, 3, 3, 3, 0, 1, 3, 1, 3]"
note_0171_03,case_0171,nursing_shift_note,surgery,0.5333333333333333,0.46875,medium,low,"[2, 2, 1, 1, 3, 1, 0, 1, 3, 3, 1, 3, 3, 2, 3, 2, 3, 1, 2, 3, 1, 3]","[3, 2, 1, 1, 3, 1, 1, 1, 3, 3, 1, 3, 3, 2, 3, 1, 3, 1, 3, 2, 1, 3]"
note_0171_04,case_0171,abbreviation_heavy,surgery,0.6,0.625,medium,medium,"[3, 2, 1, 3, 3, 3, 0, 1, 3, 1, 1, 3, 3, 2, 3, 2, 3, 1, 1, 3, 1, 3]","[3, 2, 3, 1, 3, 1, 1, 3, 3, 3, 1, 3, 3, 2, 3, 3, 3, 1, 1, 3, 1, 3]"
note_0171_05,case_0171,verbose_unfocused,surgery,0.45,0.40625,low,low,"[2, 2, 1, 1, 2, 1, 0, 1, 2, 2, 2, 1, 3, 2, 2, 2, 3, 3, 2, 2, 1, 3]","[3, 2, 1, 1, 2, 1, 1, 1, 2, 2, 1, 3, 3, 2, 2, 2, 2, 2, 2, 2, 1, 3]"
note_0171_06,case_0171,messy_free_text,surgery,0.7833333333333333,0.734375,medium,medium,"[3, 2, 3, 3, 3, 1, 0, 2, 3, 3, 1, 3, 3, 2, 3, 2, 3, 3, 3, 3, 2, 3]","[3, 3, 3, 1, 3, 1, 1, 3, 3, 3, 1, 3, 3, 2, 3, 3, 3, 3, 3, 3, 1, 3]"
note_0171_07,case_0171,structured_sbar,surgery,0.9333333333333333,0.9375,high,high,"[3, 3, 3, 1, 3, 3, 0, 2, 3, 3, 3, 3, 3, 3, 3, 3, 3, 3, 2, 3, 3, 3]","[3, 3, 3, 1, 3, 3, 2, 3, 3, 3, 3, 3, 3, 3, 3, 3, 3, 3, 3, 3, 3, 3]"
note_0171_08,case_0171,terse_resident_signout,surgery,0.4666666666666667,0.46875,low,low,"[3, 2, 1, 1, 3, 1, 0, 1, 3, 3, 1, 3, 3, 2, 3, 1, 3, 1, 3, 1, 1, 3]","[3, 2, 1, 1, 3, 1, 1, 1, 3, 3, 1, 3, 3, 2, 3, 1, 3, 1, 3, 2, 1, 3]"
note_0171_09,case_0171,nursing_shift_note,surgery,0.4666666666666667,0.515625,low,medium,"[3, 2, 1, 1, 3, 1, 0, 1, 3, 3, 1, 3, 3, 2, 3, 1, 3, 1, 3, 1, 1, 3]","[3, 2, 1, 1, 3, 1, 1, 1, 3, 3, 1, 3, 3, 3, 3, 1, 3, 1, 3, 3, 1, 3]"
note_0171_10,case_0171,abbreviation_heavy,surgery,0.75,0.734375,medium,medium,"[3, 2, 3, 3, 3, 1, 0, 2, 3, 3, 1, 3, 3, 2, 3, 2, 3, 3, 3, 3, 1, 3]","[3, 3, 3, 1, 3, 1, 1, 3, 3, 3, 1, 3, 3, 2, 3, 3, 3, 3, 3, 3, 1, 3]"
note_0175_01,case_0175,structured_sbar,internal_medicine,0.9642857142857143,1.0,high,high,"[3, 3, 3, 3, 3, 0, 0, 3, 3, 3, 3, 3, 3, 3, 3, 3, 3, 3, 3, 3, 2, 3]","[3, 3, 3, 3, 3, 0, 3, 3, 3, 3, 3, 0, 3, 3, 3, 0, 3, 3, 0, 3, 3, 3]"
note_0175_02,case_0175,terse_resident_signout,internal_medicine,0.8035714285714286,0.7962962962962963,medium,medium,"[3, 3, 3, 1, 3, 0, 0, 3, 3, 3, 3, 1, 3, 2, 3, 3, 3, 3, 1, 3, 1, 3]","[3, 3, 3, 1, 3, 0, 1, 3, 3, 3, 1, 0, 3, 2, 3, 0, 3, 3, 1, 3, 3, 3]"
note_0175_03,case_0175,nursing_shift_note,internal_medicine,0.5,0.46875,medium,low,"[3, 2, 1, 1, 1, 0, 0, 1, 3, 1, 2, 3, 3, 1, 3, 1, 3, 3, 3, 2, 1, 3]","[3, 2, 1, 1, 1, 1, 1, 1, 3, 3, 1, 3, 3, 2, 3, 1, 3, 3, 3, 2, 1, 3]"
note_0175_04,case_0175,abbreviation_heavy,internal_medicine,0.5833333333333334,0.6666666666666666,medium,medium,"[3, 2, 3, 1, 1, 0, 1, 3, 3, 3, 3, 1, 3, 1, 3, 3, 3, 1, 1, 3, 1, 3]","[3, 2, 3, 1, 3, 1, 1, 3, 3, 3, 1, 3, 3, 2, 3, 0, 3, 3, 1, 3, 1, 3]"
note_0175_05,case_0175,verbose_unfocused,internal_medicine,0.3333333333333333,0.27419354838709675,low,low,"[2, 2, 1, 1, 1, 0, 1, 2, 2, 2, 1, 1, 2, 2, 1, 3, 2, 2, 2, 2, 1, 3]","[2, 2, 1, 1, 2, 1, 1, 1, 2, 2, 1, 2, 2, 2, 2, 1, 2, 1, 0, 2, 1, 3]"
note_0175_06,case_0175,messy_free_text,internal_medicine,0.7166666666666667,0.71875,medium,medium,"[3, 2, 3, 1, 1, 0, 1, 3, 3, 3, 3, 3, 3, 1, 3, 3, 3, 3, 3, 3, 1, 3]","[3, 2, 3, 1, 3, 1, 1, 3, 3, 3, 1, 3, 3, 2, 3, 3, 3, 3, 3, 3, 1, 3]"
note_0175_07,case_0175,structured_sbar,internal_medicine,0.7166666666666667,0.88,medium,high,"[3, 3, 3, 1, 1, 0, 1, 3, 3, 3, 3, 1, 3, 2, 3, 3, 3, 3, 3, 3, 1, 3]","[3, 3, 3, 1, 3, 0, 0, 3, 3, 3, 3, 0, 3, 3, 3, 0, 3, 3, 1, 3, 2, 3]"
note_0175_08,case_0175,terse_resident_signout,internal_medicine,0.4,0.53125,low,medium,"[3, 1, 1, 1, 1, 0, 1, 1, 3, 1, 1, 3, 3, 1, 3, 1, 3, 3, 3, 1, 1, 3]","[3, 2, 1, 1, 3, 1, 1, 1, 3, 3, 1, 3, 3, 2, 3, 1, 3, 3, 3, 2, 1, 3]"
note_0175_09,case_0175,nursing_shift_note,internal_medicine,0.6,0.88,medium,high,"[3, 2, 3, 1, 1, 0, 1, 3, 3, 3, 3, 1, 3, 2, 3, 1, 3, 3, 1, 3, 1, 3]","[3, 2, 3, 1, 3, 0, 0, 3, 3, 3, 3, 0, 3, 2, 3, 0, 3, 3, 1, 3, 3, 3]"
note_0175_10,case_0175,abbreviation_heavy,internal_medicine,0.7166666666666667,0.71875,medium,medium,"[3, 2, 3, 1, 1, 0, 1, 3, 3, 3, 3, 3, 3, 1, 3, 3, 3, 3, 3, 3, 1, 3]","[3, 2, 3, 1, 3, 1, 1, 3, 3, 3, 1, 3, 3, 2, 3, 3, 3, 3, 3, 3, 1, 3]"
note_0176_01,case_0176,structured_sbar,internal_medicine,1.0,1.0,high,high,"[3, 3, 3, 3, 3, 3, 3, 3, 3, 3, 3, 3, 3, 3, 3, 3, 3, 0, 0, 0, 3, 3]","[3, 3, 3, 3, 3, 3, 3, 3, 3, 3, 3, 3, 3, 3, 3, 3, 3, 3, 0, 3, 3, 3]"
note_0176_02,case_0176,terse_resident_signout,internal_medicine,0.9074074074074074,0.5967741935483871,high,medium,"[3, 3, 3, 1, 3, 3, 2, 3, 3, 3, 2, 3, 3, 3, 3, 3, 3, 0, 0, 0, 3, 3]","[3, 2, 3, 1, 3, 1, 1, 3, 3, 3, 1, 3, 3, 3, 3, 3, 3, 1, 0, 1, 1, 3]"
note_0176_03,case_0176,nursing_shift_note,internal_medicine,0.4444444444444444,0.43548387096774194,low,low,"[3, 2, 1, 1, 3, 2, 1, 1, 3, 1, 1, 3, 3, 2, 1, 2, 3, 0, 0, 0, 1, 3]","[3, 2, 1, 1, 3, 1, 1, 1, 3, 3, 1, 3, 3, 3, 3, 1, 3, 1, 0, 1, 1, 3]"
note_0176_04,case_0176,abbreviation_heavy,internal_medicine,0.5,0.5806451612903226,medium,medium,"[3, 2, 3, 1, 3, 1, 1, 3, 2, 1, 1, 3, 3, 2, 1, 2, 3, 0, 0, 0, 1, 3]","[3, 2, 3, 1, 3, 1, 1, 3, 3, 3, 1, 3, 3, 2, 3, 3, 3, 1, 0, 1, 1, 3]"
note_0176_05,case_0176,verbose_unfocused,internal_medicine,0.2777777777777778,0.3125,low,low,"[2, 2, 1, 1, 2, 2, 1, 1, 2, 2, 1, 1, 2, 2, 1, 2, 2, 0, 0, 0, 1, 2]","[2, 2, 1, 1, 2, 1, 1, 1, 2, 2, 1, 2, 2, 2, 2, 2, 2, 2, 1, 2, 1, 2]"
note_0176_06,case_0176,messy_free_text,internal_medicine,0.7407407407407407,0.5806451612903226,medium,medium,"[3, 2, 3, 1, 3, 3, 2, 3, 3, 1, 1, 3, 3, 2, 3, 3, 3, 0, 0, 0, 1, 3]","[3, 2, 3, 1, 3, 1, 1, 3, 3, 3, 1, 3, 3, 2, 3, 3, 3, 1, 0, 1, 1, 3]"
note_0176_07,case_0176,structured_sbar,internal_medicine,0.7592592592592593,0.5645161290322581,medium,medium,"[3, 3, 3, 1, 3, 2, 2, 3, 3, 3, 3, 3, 3, 2, 2, 2, 3, 0, 0, 0, 2, 3]","[3, 2, 3, 1, 3, 1, 2, 1, 3, 3, 3, 3, 3, 3, 3, 2, 1, 1, 0, 1, 1, 3]"
note_0176_08,case_0176,terse_resident_signout,internal_medicine,0.5925925925925926,0.5,medium,medium,"[3, 2, 3, 1, 3, 2, 1, 3, 3, 1, 1, 3, 3, 2, 1, 3, 3, 0, 0, 0, 1, 3]","[3, 2, 3, 1, 3, 1, 1, 1, 3, 3, 1, 3, 3, 3, 3, 1, 3, 1, 0, 1, 1, 3]"
note_0176_09,case_0176,nursing_shift_note,internal_medicine,0.8888888888888888,0.6612903225806451,high,medium,"[3, 3, 3, 1, 3, 3, 2, 3, 3, 1, 3, 3, 3, 3, 3, 3, 3, 0, 0, 0, 3, 3]","[3, 2, 3, 1, 3, 3, 1, 3, 3, 3, 1, 3, 3, 3, 3, 3, 3, 1, 0, 1, 1, 3]"
note_0176_10,case_0176,abbreviation_heavy,internal_medicine,0.7407407407407407,0.5806451612903226,medium,medium,"[3, 2, 3, 1, 3, 3, 2, 3, 3, 1, 1, 3, 3, 2, 3, 3, 3, 0, 0, 0, 1, 3]","[3, 2, 3, 1, 3, 1, 1, 3, 3, 3, 1, 3, 3, 2, 3, 3, 3, 1, 0, 1, 1, 3]"
note_0179_01,case_0179,structured_sbar,pediatrics,1.0,1.0,high,high,"[3, 3, 3, 3, 0, 0, 3, 3, 3, 3, 3, 0, 3, 3, 3, 3, 3, 3, 0, 3, 3, 3]","[3, 3, 3, 3, 3, 0, 3, 3, 3, 3, 3, 0, 3, 3, 3, 0, 0, 0, 0, 3, 3, 3]"
note_0179_02,case_0179,terse_resident_signout,pediatrics,0.8541666666666666,0.8947368421052632,high,high,"[3, 3, 3, 3, 0, 0, 3, 3, 3, 3, 3, 0, 3, 2, 3, 3, 3, 0, 0, 2, 1, 3]","[3, 3, 3, 3, 0, 0, 0, 3, 3, 3, 3, 0, 3, 3, 3, 0, 0, 0, 0, 3, 1, 3]"
note_0179_03,case_0179,nursing_shift_note,pediatrics,0.6875,0.625,medium,medium,"[3, 2, 1, 3, 0, 0, 2, 3, 3, 3, 1, 0, 3, 3, 3, 3, 3, 0, 0, 2, 1, 3]","[3, 2, 1, 3, 3, 0, 1, 3, 3, 3, 1, 0, 3, 2, 3, 0, 3, 0, 0, 2, 1, 3]"
note_0179_04,case_0179,abbreviation_heavy,pediatrics,0.8125,0.7857142857142857,medium,medium,"[3, 3, 3, 3, 0, 0, 1, 3, 3, 3, 3, 0, 3, 2, 3, 3, 3, 0, 0, 3, 1, 3]","[3, 3, 3, 3, 0, 0, 1, 3, 3, 3, 3, 0, 3, 2, 3, 0, 0, 0, 0, 3, 1, 3]"
note_0179_05,case_0179,verbose_unfocused,pediatrics,0.4166666666666667,0.2857142857142857,low,low,"[2, 2, 1, 2, 0, 0, 2, 1, 2, 2, 1, 0, 2, 2, 1, 3, 3, 0, 0, 2, 1, 3]","[2, 2, 1, 1, 2, 1, 1, 1, 2, 2, 1, 0, 2, 2, 2, 1, 2, 0, 0, 2, 1, 3]"
note_0179_06,case_0179,messy_free_text,pediatrics,1.0,0.7857142857142857,high,medium,"[3, 3, 3, 3, 0, 0, 3, 3, 3, 3, 3, 0, 3, 3, 3, 3, 3, 0, 0, 3, 3, 3]","[3, 3, 3, 3, 0, 0, 1, 3, 3, 3, 3, 0, 3, 2, 3, 0, 0, 0, 0, 3, 1, 3]"
note_0179_07,case_0179,structured_sbar,pediatrics,0.875,1.0,high,high,"[3, 3, 1, 3, 0, 0, 3, 3, 3, 3, 3, 0, 3, 3, 3, 3, 3, 0, 0, 3, 2, 3]","[3, 3, 3, 3, 3, 0, 0, 3, 3, 3, 3, 0, 3, 3, 3, 0, 0, 0, 0, 3, 3, 3]"
note_0179_08,case_0179,terse_resident_signout,pediatrics,0.9583333333333334,0.8947368421052632,high,high,"[3, 3, 3, 3, 0, 0, 3, 3, 3, 3, 3, 0, 3, 3, 3, 3, 3, 0, 0, 3, 2, 3]","[3, 3, 3, 3, 0, 0, 0, 3, 3, 3, 3, 0, 3, 3, 3, 0, 0, 0, 0, 3, 1, 3]"
note_0179_09,case_0179,nursing_shift_note,pediatrics,0.9583333333333334,0.8947368421052632,high,high,"[3, 3, 3, 3, 0, 0, 3, 3, 3, 3, 3, 0, 3, 3, 3, 3, 3, 0, 0, 3, 2, 3]","[3, 3, 3, 3, 0, 0, 0, 3, 3, 3, 3, 0, 3, 3, 3, 0, 0, 0, 0, 3, 1, 3]"
note_0179_10,case_0179,abbreviation_heavy,pediatrics,1.0,0.7857142857142857,high,medium,"[3, 3, 3, 3, 0, 0, 3, 3, 3, 3, 3, 0, 3, 3, 3, 3, 3, 0, 0, 3, 3, 3]","[3, 3, 3, 3, 0, 0, 1, 3, 3, 3, 3, 0, 3, 2, 3, 0, 0, 0, 0, 3, 1, 3]"
note_0190_01,case_0190,structured_sbar,surgery,1.0,1.0,high,high,"[3, 3, 3, 3, 3, 3, 0, 3, 3, 3, 3, 3, 3, 3, 3, 3, 3, 3, 3, 3, 3, 3]","[3, 3, 3, 3, 3, 3, 3, 3, 3, 3, 3, 3, 3, 3, 3, 3, 3, 3, 3, 3, 3, 3]"
note_0190_02,case_0190,terse_resident_signout,surgery,0.75,0.671875,medium,medium,"[3, 3, 3, 1, 3, 3, 0, 3, 3, 3, 1, 3, 3, 2, 3, 3, 3, 1, 1, 3, 1, 3]","[3, 3, 3, 1, 3, 1, 1, 3, 3, 3, 1, 3, 3, 2, 3, 3, 3, 1, 3, 3, 1, 3]"
note_0190_03,case_0190,nursing_shift_note,surgery,0.48333333333333334,0.46875,low,low,"[3, 2, 1, 1, 3, 1, 0, 1, 3, 3, 1, 3, 1, 2, 3, 3, 3, 1, 2, 2, 1, 3]","[3, 2, 1, 1, 3, 1, 1, 1, 3, 3, 1, 3, 3, 2, 3, 1, 3, 1, 3, 2, 1, 3]"
note_0190_04,case_0190,abbreviation_heavy,surgery,0.6875,0.5625,medium,medium,"[3, 2, 3, 1, 3, 3, 1, 3, 3, 3, 1, 3, 3, 2, 3, 3, 3, 1, 1, 3, 1, 3]","[3, 2, 3, 1, 3, 1, 1, 1, 3, 3, 1, 3, 3, 2, 3, 3, 3, 1, 3, 1, 1, 3]"
note_0190_05,case_0190,verbose_unfocused,surgery,0.328125,0.328125,low,low,"[3, 2, 1, 1, 3, 2, 1, 2, 2, 2, 1, 1, 1, 2, 2, 2, 1, 1, 1, 2, 1, 3]","[3, 2, 1, 1, 2, 1, 1, 1, 2, 2, 1, 2, 2, 2, 2, 2, 2, 1, 2, 2, 1, 3]"
note_0190_06,case_0190,messy_free_text,surgery,0.8,0.65625,medium,medium,"[3, 3, 3, 1, 3, 3, 0, 3, 3, 3, 1, 3, 3, 3, 3, 3, 3, 1, 1, 3, 2, 3]","[3, 2, 3, 1, 3, 1, 1, 3, 3, 3, 1, 3, 3, 2, 3, 3, 3, 1, 3, 3, 1, 3]"
note_0190_07,case_0190,structured_sbar,surgery,0.7,0.65625,medium,medium,"[3, 3, 1, 1, 3, 2, 0, 3, 3, 3, 3, 3, 3, 3, 3, 3, 3, 1, 1, 3, 1, 3]","[3, 3, 1, 1, 3, 1, 1, 3, 3, 3, 3, 3, 3, 3, 3, 3, 3, 1, 3, 3, 1, 3]"
note_0190_08,case_0190,terse_resident_signout,surgery,0.6666666666666666,0.515625,medium,medium,"[3, 2, 3, 1, 3, 1, 0, 3, 3, 3, 1, 3, 3, 2, 3, 3, 3, 1, 1, 3, 1, 3]","[3, 2, 3, 1, 3, 1, 1, 1, 3, 3, 1, 3, 3, 2, 3, 1, 3, 1, 2, 2, 1, 3]"
note_0190_09,case_0190,nursing_shift_note,surgery,0.8833333333333333,0.734375,high,medium,"[3, 3, 3, 1, 3, 3, 0, 3, 3, 3, 3, 3, 3, 3, 3, 3, 3, 1, 2, 3, 3, 3]","[3, 3, 3, 1, 3, 3, 1, 3, 3, 3, 1, 3, 3, 2, 3, 3, 3, 1, 3, 3, 1, 3]"
note_0190_10,case_0190,abbreviation_heavy,surgery,0.8,0.65625,medium,medium,"[3, 3, 3, 1, 3, 3, 0, 3, 3, 3, 1, 3, 3, 3, 3, 3, 3, 1, 1, 3, 2, 3]","[3, 2, 3, 1, 3, 1, 1, 3, 3, 3, 1, 3, 3, 2, 3, 3, 3, 1, 3, 3, 1, 3]"
note_0196_01,case_0196,structured_sbar,orthopedics,1.0,1.0,high,high,"[3, 3, 3, 3, 3, 3, 0, 3, 3, 3, 3, 3, 3, 3, 3, 3, 3, 3, 3, 3, 3, 3]","[3, 3, 3, 3, 3, 3, 3, 3, 3, 3, 3, 3, 3, 3, 3, 3, 3, 3, 3, 3, 3, 3]"
note_0196_02,case_0196,terse_resident_signout,orthopedics,0.85,0.640625,high,medium,"[3, 3, 1, 3, 3, 3, 0, 3, 3, 3, 3, 3, 3, 3, 3, 3, 3, 3, 2, 3, 1, 3]","[3, 2, 3, 1, 3, 1, 1, 1, 3, 3, 3, 3, 3, 3, 3, 3, 3, 1, 3, 2, 1, 3]"
note_0196_03,case_0196,nursing_shift_note,orthopedics,0.5333333333333333,0.46551724137931033,medium,low,"[3, 2, 1, 1, 3, 2, 0, 1, 3, 3, 1, 3, 3, 2, 3, 2, 3, 1, 3, 2, 1, 1]","[3, 2, 1, 1, 3, 1, 1, 1, 3, 0, 1, 3, 3, 3, 0, 2, 3, 1, 3, 2, 1, 3]"
note_0196_04,case_0196,abbreviation_heavy,orthopedics,0.515625,0.734375,medium,medium,"[3, 2, 1, 1, 3, 2, 1, 1, 3, 3, 3, 3, 3, 2, 3, 1, 3, 1, 2, 2, 1, 3]","[3, 2, 3, 1, 3, 1, 1, 3, 3, 3, 1, 3, 3, 3, 3, 3, 3, 3, 3, 3, 1, 3]"
note_0196_05,case_0196,verbose_unfocused,orthopedics,0.48333333333333334,0.31666666666666665,low,low,"[3, 2, 1, 1, 3, 2, 0, 1, 2, 1, 3, 3, 3, 2, 2, 2, 2, 1, 2, 2, 1, 3]","[3, 2, 1, 1, 2, 1, 1, 1, 2, 2, 1, 2, 0, 2, 2, 2, 2, 1, 2, 2, 1, 3]"
note_0196_06,case_0196,messy_free_text,orthopedics,0.6166666666666667,0.671875,medium,medium,"[3, 2, 1, 1, 3, 2, 0, 1, 3, 3, 3, 3, 3, 3, 3, 2, 3, 1, 3, 2, 1, 3]","[3, 2, 1, 1, 3, 1, 1, 3, 3, 3, 1, 3, 3, 3, 3, 3, 3, 3, 3, 3, 1, 3]"
note_0196_07,case_0196,structured_sbar,orthopedics,0.7666666666666667,0.7666666666666667,medium,medium,"[3, 3, 1, 1, 3, 3, 0, 1, 3, 3, 3, 3, 3, 3, 3, 3, 3, 1, 3, 3, 2, 3]","[3, 3, 1, 1, 3, 3, 2, 1, 3, 3, 3, 3, 0, 3, 3, 3, 3, 3, 3, 3, 1, 3]"
note_0196_08,case_0196,terse_resident_signout,orthopedics,0.6,0.640625,medium,medium,"[3, 2, 1, 1, 3, 2, 0, 1, 3, 3, 3, 3, 3, 2, 3, 2, 3, 1, 3, 2, 1, 3]","[3, 2, 1, 1, 3, 1, 1, 1, 3, 3, 3, 3, 3, 3, 3, 3, 3, 3, 3, 2, 1, 3]"
note_0196_09,case_0196,nursing_shift_note,orthopedics,0.75,0.796875,medium,medium,"[3, 2, 1, 1, 3, 3, 0, 1, 3, 3, 3, 3, 3, 3, 3, 3, 3, 1, 3, 3, 2, 3]","[3, 2, 3, 1, 3, 3, 1, 1, 3, 3, 3, 3, 3, 3, 3, 3, 3, 3, 3, 3, 1, 3]"
note_0196_10,case_0196,abbreviation_heavy,orthopedics,0.6166666666666667,0.6785714285714286,medium,medium,"[3, 2, 1, 1, 3, 2, 0, 1, 3, 3, 3, 3, 3, 3, 3, 2, 3, 1, 3, 2, 1, 3]","[3, 3, 1, 1, 3, 1, 1, 3, 3, 3, 3, 3, 0, 3, 0, 3, 3, 3, 3, 3, 1, 3]"
note_0201_01,case_0201,structured_sbar,orthopedics,1.0,1.0,high,high,"[3, 3, 3, 3, 3, 3, 3, 3, 3, 3, 3, 3, 3, 3, 3, 3, 3, 3, 3, 3, 3, 3]","[3, 3, 3, 3, 3, 3, 3, 3, 3, 3, 3, 3, 0, 3, 3, 3, 3, 3, 3, 3, 3, 3]"
note_0201_02,case_0201,terse_resident_signout,orthopedics,0.9375,0.84375,high,medium,"[3, 3, 3, 3, 3, 2, 3, 3, 3, 3, 3, 3, 3, 3, 3, 3, 3, 3, 3, 3, 2, 3]","[3, 3, 3, 1, 3, 3, 1, 3, 3, 3, 3, 3, 3, 3, 3, 3, 3, 3, 3, 3, 1, 3]"
note_0201_03,case_0201,nursing_shift_note,orthopedics,0.515625,0.53125,medium,medium,"[3, 3, 1, 1, 3, 1, 1, 1, 3, 3, 1, 3, 3, 3, 3, 1, 3, 3, 2, 1, 1, 3]","[3, 2, 1, 1, 3, 1, 1, 1, 3, 3, 1, 3, 3, 2, 3, 1, 3, 3, 3, 2, 1, 3]"
note_0201_04,case_0201,abbreviation_heavy,orthopedics,0.546875,0.5535714285714286,medium,medium,"[3, 2, 3, 1, 3, 1, 1, 1, 3, 3, 1, 3, 3, 2, 3, 1, 3, 3, 2, 1, 1, 3]","[3, 2, 3, 1, 3, 1, 1, 1, 3, 3, 1, 3, 0, 2, 0, 3, 3, 3, 2, 1, 1, 3]"
note_0201_05,case_0201,verbose_unfocused,orthopedics,0.203125,0.4,low,low,"[3, 2, 1, 1, 2, 1, 1, 1, 2, 2, 1, 1, 1, 2, 1, 1, 2, 2, 2, 1, 1, 2]","[3, 2, 1, 1, 2, 1, 1, 1, 2, 2, 1, 3, 0, 2, 2, 2, 2, 3, 2, 2, 1, 3]"
note_0201_06,case_0201,messy_free_text,orthopedics,0.84375,0.71875,medium,medium,"[3, 3, 3, 1, 3, 2, 2, 3, 3, 3, 2, 3, 3, 3, 3, 3, 3, 3, 2, 3, 2, 3]","[3, 2, 3, 1, 3, 1, 1, 3, 3, 3, 1, 3, 3, 2, 3, 3, 3, 3, 3, 3, 1, 3]"
note_0201_07,case_0201,structured_sbar,orthopedics,0.59375,0.5714285714285714,medium,medium,"[3, 2, 3, 1, 3, 2, 2, 1, 3, 3, 3, 1, 1, 3, 3, 1, 3, 3, 2, 1, 2, 3]","[3, 2, 1, 1, 3, 2, 1, 1, 3, 3, 3, 3, 0, 3, 0, 2, 3, 3, 2, 2, 1, 3]"
note_0201_08,case_0201,terse_resident_signout,orthopedics,0.578125,0.703125,medium,medium,"[3, 3, 1, 1, 3, 2, 1, 1, 3, 3, 3, 3, 3, 3, 3, 1, 3, 3, 2, 1, 1, 3]","[3, 2, 1, 1, 3, 1, 1, 3, 3, 3, 3, 3, 3, 3, 3, 3, 3, 3, 3, 3, 1, 3]"
note_0201_09,case_0201,nursing_shift_note,orthopedics,0.578125,0.703125,medium,medium,"[3, 3, 1, 1, 3, 2, 1, 1, 3, 3, 3, 3, 3, 3, 3, 1, 3, 3, 2, 1, 1, 3]","[3, 2, 1, 1, 3, 1, 1, 3, 3, 3, 3, 3, 3, 3, 3, 3, 3, 3, 3, 3, 1, 3]"
note_0201_10,case_0201,abbreviation_heavy,orthopedics,0.84375,0.734375,medium,medium,"[3, 3, 3, 1, 3, 2, 2, 3, 3, 3, 2, 3, 3, 3, 3, 3, 3, 3, 2, 3, 2, 3]","[3, 2, 3, 1, 3, 1, 1, 3, 3, 3, 1, 3, 3, 3, 3, 3, 3, 3, 3, 3, 1, 3]"
note_0212_01,case_0212,structured_sbar,pediatrics,0.9615384615384616,1.0,high,high,"[3, 3, 3, 3, 0, 0, 2, 3, 3, 3, 3, 0, 3, 3, 3, 3, 3, 3, 0, 3, 3, 3]","[3, 3, 3, 3, 0, 0, 0, 3, 3, 3, 3, 0, 3, 3, 3, 0, 0, 0, 0, 3, 3, 3]"
note_0212_02,case_0212,terse_resident_signout,pediatrics,0.75,0.8571428571428571,medium,high,"[3, 3, 3, 1, 0, 0, 1, 3, 3, 3, 3, 0, 3, 3, 3, 3, 3, 0, 0, 2, 1, 3]","[3, 3, 3, 3, 3, 0, 0, 3, 3, 3, 3, 0, 3, 3, 3, 0, 0, 0, 0, 2, 1, 3]"
note_0212_03,case_0212,nursing_shift_note,pediatrics,0.4583333333333333,0.5238095238095238,low,medium,"[3, 2, 1, 1, 0, 0, 1, 2, 3, 3, 1, 0, 3, 3, 3, 1, 1, 0, 0, 2, 1, 3]","[3, 2, 1, 1, 0, 0, 1, 3, 3, 3, 1, 0, 3, 2, 3, 0, 0, 0, 0, 2, 1, 3]"
note_0212_04,case_0212,abbreviation_heavy,pediatrics,0.6153846153846154,0.7857142857142857,medium,medium,"[3, 3, 1, 1, 0, 1, 1, 3, 3, 3, 3, 0, 3, 3, 3, 3, 3, 0, 0, 2, 1, 3]","[3, 3, 3, 3, 0, 0, 1, 3, 3, 3, 3, 0, 3, 2, 3, 0, 0, 0, 0, 3, 1, 3]"
note_0212_05,case_0212,verbose_unfocused,pediatrics,0.2692307692307692,0.25925925925925924,low,low,"[2, 2, 1, 1, 0, 1, 1, 2, 2, 2, 2, 0, 2, 2, 2, 1, 1, 0, 0, 2, 1, 2]","[2, 2, 1, 1, 1, 1, 1, 2, 2, 2, 1, 0, 2, 2, 2, 1, 0, 0, 0, 2, 1, 3]"
note_0212_06,case_0212,messy_free_text,pediatrics,0.8461538461538461,0.7857142857142857,medium,medium,"[3, 3, 3, 1, 0, 1, 2, 3, 3, 3, 3, 0, 3, 3, 3, 3, 3, 0, 0, 3, 3, 3]","[3, 3, 3, 3, 0, 0, 1, 3, 3, 3, 3, 0, 3, 2, 3, 0, 0, 0, 0, 3, 1, 3]"
note_0212_07,case_0212,structured_sbar,pediatrics,0.8928571428571429,0.9523809523809523,high,high,"[3, 3, 3, 3, 0, 1, 2, 3, 3, 3, 3, 0, 3, 3, 3, 3, 3, 3, 0, 3, 3, 3]","[3, 3, 3, 3, 3, 0, 0, 3, 3, 3, 3, 0, 3, 3, 3, 0, 0, 0, 0, 3, 2, 3]"
note_0212_08,case_0212,terse_resident_signout,pediatrics,0.6153846153846154,0.8095238095238095,medium,medium,"[3, 3, 1, 1, 0, 1, 1, 3, 3, 3, 3, 0, 3, 3, 3, 3, 3, 0, 0, 2, 1, 3]","[3, 3, 3, 1, 3, 0, 0, 3, 3, 3, 3, 0, 3, 3, 3, 0, 0, 0, 0, 2, 1, 3]"
note_0212_09,case_0212,nursing_shift_note,pediatrics,0.6923076923076923,0.9523809523809523,medium,high,"[3, 3, 1, 1, 0, 1, 1, 3, 3, 3, 3, 0, 3, 3, 3, 3, 3, 0, 0, 2, 3, 3]","[3, 3, 3, 1, 3, 0, 0, 3, 3, 3, 3, 0, 3, 3, 3, 0, 0, 0, 0, 3, 3, 3]"
note_0212_10,case_0212,abbreviation_heavy,pediatrics,0.8461538461538461,0.8809523809523809,medium,high,"[3, 3, 3, 1, 0, 1, 2, 3, 3, 3, 3, 0, 3, 3, 3, 3, 3, 0, 0, 3, 3, 3]","[3, 3, 3, 3, 0, 0, 3, 3, 3, 3, 3, 0, 3, 2, 3, 0, 0, 0, 0, 3, 1, 3]"
note_0213_01,case_0213,structured_sbar,obstetrics_gynecology,0.9545454545454546,0.9615384615384616,high,high,"[3, 3, 3, 3, 0, 0, 3, 3, 3, 3, 3, 3, 0, 3, 3, 3, 3, 0, 1, 0, 3, 3]","[3, 3, 3, 3, 3, 0, 3, 3, 3, 3, 3, 3, 0, 3, 3, 3, 3, 0, 1, 3, 3, 3]"
note_0213_02,case_0213,terse_resident_signout,obstetrics_gynecology,0.8636363636363636,0.74,high,medium,"[3, 3, 3, 3, 0, 0, 3, 2, 3, 3, 3, 3, 0, 2, 3, 3, 3, 0, 1, 0, 2, 3]","[3, 3, 3, 1, 0, 1, 3, 3, 3, 3, 3, 3, 0, 2, 3, 3, 0, 0, 1, 3, 1, 3]"
note_0213_03,case_0213,nursing_shift_note,obstetrics_gynecology,0.6590909090909091,0.42857142857142855,medium,low,"[3, 2, 1, 3, 0, 0, 3, 2, 3, 3, 3, 3, 0, 3, 3, 2, 2, 0, 1, 0, 1, 3]","[3, 2, 1, 1, 0, 1, 1, 1, 3, 3, 1, 3, 3, 2, 3, 2, 1, 0, 1, 2, 1, 3]"
note_0213_04,case_0213,abbreviation_heavy,obstetrics_gynecology,0.7727272727272727,0.74,medium,medium,"[3, 3, 3, 1, 0, 0, 3, 2, 3, 3, 3, 3, 0, 2, 3, 3, 3, 0, 1, 0, 1, 3]","[3, 3, 3, 1, 0, 1, 3, 3, 3, 3, 3, 3, 0, 2, 3, 3, 0, 0, 1, 3, 1, 3]"
note_0213_05,case_0213,verbose_unfocused,obstetrics_gynecology,0.36363636363636365,0.36666666666666664,low,low,"[2, 2, 1, 1, 0, 0, 2, 1, 2, 2, 2, 2, 0, 2, 2, 2, 2, 0, 1, 0, 1, 3]","[2, 2, 1, 1, 2, 1, 2, 1, 2, 2, 2, 2, 2, 2, 2, 2, 2, 0, 1, 2, 1, 3]"
note_0213_06,case_0213,messy_free_text,obstetrics_gynecology,0.9090909090909091,0.8448275862068966,high,medium,"[3, 3, 3, 1, 0, 0, 3, 3, 3, 3, 3, 3, 0, 3, 3, 3, 3, 0, 1, 0, 3, 3]","[3, 3, 3, 1, 3, 1, 3, 3, 3, 3, 3, 3, 3, 2, 3, 3, 0, 0, 1, 3, 3, 3]"
note_0213_07,case_0213,structured_sbar,obstetrics_gynecology,0.9090909090909091,0.9130434782608695,high,high,"[3, 3, 3, 1, 0, 0, 3, 3, 3, 3, 3, 3, 0, 3, 3, 3, 3, 0, 1, 0, 3, 3]","[3, 3, 3, 1, 0, 0, 3, 3, 3, 3, 3, 3, 0, 3, 3, 3, 0, 0, 1, 3, 3, 3]"
note_0213_08,case_0213,terse_resident_signout,obstetrics_gynecology,0.7727272727272727,0.6739130434782609,medium,medium,"[3, 3, 3, 1, 0, 0, 3, 2, 3, 3, 3, 3, 0, 2, 3, 3, 3, 0, 1, 0, 1, 3]","[3, 3, 3, 1, 0, 1, 2, 3, 3, 3, 3, 3, 0, 2, 3, 3, 0, 0, 1, 0, 1, 3]"
note_0213_09,case_0213,nursing_shift_note,obstetrics_gynecology,0.9090909090909091,0.8333333333333334,high,medium,"[3, 3, 3, 1, 0, 0, 3, 3, 3, 3, 3, 3, 0, 3, 3, 3, 3, 0, 1, 0, 3, 3]","[3, 3, 3, 1, 3, 1, 3, 3, 3, 3, 3, 3, 0, 2, 3, 3, 0, 0, 1, 3, 3, 3]"
note_0213_10,case_0213,abbreviation_heavy,obstetrics_gynecology,0.9090909090909091,0.8448275862068966,high,medium,"[3, 3, 3, 1, 0, 0, 3, 3, 3, 3, 3, 3, 0, 3, 3, 3, 3, 0, 1, 0, 3, 3]","[3, 3, 3, 1, 3, 1, 3, 3, 3, 3, 3, 3, 3, 2, 3, 3, 0, 0, 1, 3, 3, 3]"
note_0216_01,case_0216,structured_sbar,pediatrics,0.9615384615384616,1.0,high,high,"[3, 3, 3, 3, 0, 0, 3, 3, 3, 3, 3, 0, 3, 3, 3, 3, 3, 3, 0, 3, 2, 3]","[3, 3, 3, 3, 3, 0, 3, 3, 3, 3, 3, 0, 3, 3, 3, 0, 3, 0, 0, 3, 3, 3]"
note_0216_02,case_0216,terse_resident_signout,pediatrics,0.6153846153846154,0.7380952380952381,medium,medium,"[3, 3, 3, 1, 0, 0, 3, 3, 2, 3, 1, 0, 3, 2, 3, 1, 1, 1, 0, 3, 1, 3]","[3, 3, 3, 3, 0, 0, 1, 3, 3, 3, 1, 0, 3, 2, 3, 0, 0, 0, 0, 3, 1, 3]"
note_0216_03,case_0216,nursing_shift_note,pediatrics,0.4807692307692308,0.5238095238095238,low,medium,"[3, 2, 1, 1, 0, 0, 2, 2, 3, 3, 1, 0, 3, 2, 3, 1, 1, 1, 0, 3, 1, 3]","[3, 2, 1, 1, 0, 0, 1, 3, 3, 3, 1, 0, 3, 2, 3, 0, 0, 0, 0, 2, 1, 3]"
note_0216_04,case_0216,abbreviation_heavy,pediatrics,0.5,0.6304347826086957,medium,medium,"[3, 3, 1, 1, 0, 0, 2, 3, 2, 3, 1, 0, 3, 2, 3, 1, 1, 1, 0, 3, 1, 3]","[3, 3, 3, 3, 0, 1, 1, 3, 3, 3, 1, 0, 3, 2, 3, 0, 0, 0, 0, 2, 1, 3]"
note_0216_05,case_0216,verbose_unfocused,pediatrics,0.32142857142857145,0.25,low,low,"[3, 2, 1, 2, 0, 1, 2, 2, 2, 2, 1, 0, 2, 2, 2, 1, 1, 1, 0, 2, 1, 3]","[2, 2, 1, 1, 1, 1, 1, 2, 2, 2, 1, 0, 2, 2, 2, 0, 1, 1, 0, 2, 1, 3]"
note_0216_07,case_0216,structured_sbar,pediatrics,0.8571428571428571,0.8947368421052632,high,high,"[3, 3, 3, 3, 0, 1, 3, 3, 3, 3, 3, 0, 3, 3, 3, 3, 3, 3, 0, 3, 1, 3]","[3, 3, 3, 3, 0, 0, 0, 3, 3, 3, 3, 0, 3, 3, 3, 0, 0, 0, 0, 3, 1, 3]"
note_0216_08,case_0216,terse_resident_signout,pediatrics,0.5384615384615384,0.6428571428571429,medium,medium,"[3, 3, 1, 1, 0, 0, 3, 3, 2, 3, 1, 0, 3, 2, 3, 1, 1, 1, 0, 3, 1, 3]","[3, 3, 1, 3, 0, 0, 1, 3, 3, 3, 3, 0, 3, 2, 3, 0, 0, 0, 0, 2, 1, 3]"
note_0216_09,case_0216,nursing_shift_note,pediatrics,0.7307692307692307,0.8947368421052632,medium,high,"[3, 3, 3, 1, 0, 0, 3, 3, 3, 3, 3, 0, 3, 3, 3, 1, 1, 1, 0, 3, 2, 3]","[3, 3, 3, 3, 0, 0, 0, 3, 3, 3, 3, 0, 3, 3, 3, 0, 0, 0, 0, 3, 1, 3]"
note_0216_10,case_0216,abbreviation_heavy,pediatrics,0.6071428571428571,0.6875,medium,medium,"[3, 3, 3, 1, 0, 1, 2, 3, 2, 3, 1, 0, 3, 2, 3, 3, 1, 1, 0, 3, 1, 3]","[3, 3, 3, 3, 0, 1, 1, 3, 3, 3, 1, 0, 3, 2, 3, 0, 3, 0, 0, 3, 1, 3]"
note_0254_01,case_0254,structured_sbar,emergency_observation,1.0,1.0,high,high,"[3, 3, 3, 3, 3, 0, 3, 3, 3, 3, 3, 0, 3, 3, 3, 0, 3, 3, 0, 0, 3, 3]","[3, 3, 3, 3, 3, 0, 3, 3, 3, 3, 3, 0, 3, 3, 3, 0, 3, 3, 0, 3, 3, 3]"
note_0254_02,case_0254,terse_resident_signout,emergency_observation,0.875,0.8636363636363636,high,high,"[3, 3, 3, 3, 3, 0, 2, 3, 3, 3, 1, 0, 3, 3, 2, 0, 3, 3, 0, 0, 3, 3]","[3, 3, 3, 1, 3, 0, 0, 3, 3, 3, 3, 0, 3, 3, 3, 0, 3, 3, 0, 0, 1, 3]"
note_0254_03,case_0254,nursing_shift_note,emergency_observation,0.5416666666666666,0.5416666666666666,medium,medium,"[3, 2, 1, 3, 3, 0, 1, 3, 3, 3, 1, 0, 3, 2, 2, 0, 3, 1, 0, 0, 1, 3]","[3, 2, 1, 1, 3, 0, 1, 3, 3, 3, 1, 0, 3, 2, 3, 0, 3, 1, 0, 0, 1, 3]"
note_0254_04,case_0254,abbreviation_heavy,emergency_observation,0.7115384615384616,0.7291666666666666,medium,medium,"[3, 3, 3, 3, 3, 1, 1, 3, 3, 3, 1, 0, 3, 2, 1, 0, 3, 3, 0, 0, 3, 3]","[3, 1, 3, 3, 3, 0, 1, 3, 3, 3, 1, 0, 3, 2, 3, 0, 3, 3, 0, 0, 1, 3]"
note_0254_05,case_0254,verbose_unfocused,emergency_observation,0.23076923076923078,0.25806451612903225,low,low,"[2, 2, 1, 2, 1, 1, 1, 1, 2, 2, 1, 0, 2, 2, 1, 0, 2, 2, 0, 0, 1, 2]","[2, 2, 1, 1, 1, 1, 1, 1, 2, 2, 1, 2, 2, 2, 2, 1, 2, 2, 0, 2, 1, 2]"
note_0254_06,case_0254,messy_free_text,emergency_observation,0.7115384615384616,0.7291666666666666,medium,medium,"[3, 3, 3, 3, 3, 1, 1, 3, 3, 3, 1, 0, 3, 2, 1, 0, 3, 3, 0, 0, 3, 3]","[3, 1, 3, 3, 3, 0, 1, 3, 3, 3, 1, 0, 3, 2, 3, 0, 3, 3, 0, 0, 1, 3]"
note_0254_07,case_0254,structured_sbar,emergency_observation,0.9375,1.0,high,high,"[3, 3, 3, 3, 3, 0, 2, 3, 3, 3, 2, 0, 3, 3, 3, 0, 3, 3, 0, 0, 3, 3]","[3, 3, 3, 3, 3, 0, 3, 3, 3, 3, 3, 0, 3, 3, 3, 0, 3, 3, 0, 3, 3, 3]"
note_0254_08,case_0254,terse_resident_signout,emergency_observation,0.6666666666666666,0.7083333333333334,medium,medium,"[3, 2, 3, 3, 3, 0, 1, 3, 3, 3, 1, 0, 3, 2, 1, 0, 3, 3, 0, 0, 1, 3]","[3, 2, 3, 1, 3, 0, 1, 3, 3, 3, 1, 0, 3, 2, 3, 0, 3, 3, 0, 0, 1, 3]"
note_0254_09,case_0254,nursing_shift_note,emergency_observation,0.9166666666666666,0.9583333333333334,high,high,"[3, 3, 3, 3, 3, 0, 2, 3, 3, 3, 3, 0, 3, 3, 2, 0, 3, 3, 0, 0, 3, 3]","[3, 3, 3, 1, 3, 0, 3, 3, 3, 3, 3, 0, 3, 3, 3, 0, 3, 3, 0, 0, 3, 3]"
note_0254_10,case_0254,abbreviation_heavy,emergency_observation,0.7115384615384616,0.7291666666666666,medium,medium,"[3, 3, 3, 3, 3, 1, 1, 3, 3, 3, 1, 0, 3, 2, 1, 0, 3, 3, 0, 0, 3, 3]","[3, 1, 3, 3, 3, 0, 1, 3, 3, 3, 1, 0, 3, 2, 3, 0, 3, 3, 0, 0, 1, 3]"
note_0257_01,case_0257,structured_sbar,cardiology,0.9230769230769231,1.0,high,high,"[3, 3, 3, 3, 3, 3, 2, 3, 3, 3, 3, 0, 3, 3, 3, 2, 3, 0, 0, 0, 3, 3]","[3, 3, 3, 3, 3, 3, 3, 3, 3, 3, 3, 3, 3, 3, 3, 3, 3, 3, 0, 3, 3, 3]"
note_0257_02,case_0257,terse_resident_signout,cardiology,0.8461538461538461,0.6166666666666667,medium,medium,"[3, 3, 3, 1, 3, 3, 1, 3, 3, 3, 3, 0, 3, 3, 3, 2, 3, 0, 0, 0, 3, 3]","[3, 2, 3, 1, 3, 3, 1, 3, 3, 3, 1, 0, 3, 3, 3, 3, 1, 1, 0, 1, 1, 3]"
note_0257_03,case_0257,nursing_shift_note,cardiology,0.36538461538461536,0.26666666666666666,low,low,"[3, 2, 1, 1, 1, 1, 1, 1, 3, 3, 1, 0, 3, 3, 3, 1, 1, 0, 0, 0, 1, 3]","[3, 2, 1, 1, 1, 1, 1, 1, 3, 3, 1, 0, 3, 2, 2, 1, 1, 1, 0, 1, 1, 3]"
note_0257_04,case_0257,abbreviation_heavy,cardiology,0.5576923076923077,0.5333333333333333,medium,medium,"[3, 1, 3, 1, 3, 1, 1, 3, 3, 3, 1, 0, 3, 2, 3, 2, 1, 0, 0, 0, 1, 3]","[3, 2, 3, 1, 3, 1, 1, 3, 3, 3, 1, 0, 3, 2, 3, 3, 1, 1, 0, 1, 1, 3]"
note_0257_05,case_0257,verbose_unfocused,cardiology,0.38461538461538464,0.2833333333333333,low,low,"[2, 2, 2, 1, 2, 2, 1, 1, 2, 2, 1, 0, 2, 2, 2, 2, 1, 0, 0, 0, 2, 2]","[2, 2, 3, 1, 2, 1, 1, 1, 2, 2, 1, 0, 2, 2, 2, 1, 1, 1, 0, 1, 1, 3]"
note_0257_06,case_0257,messy_free_text,cardiology,0.8461538461538461,0.7857142857142857,medium,medium,"[3, 2, 3, 3, 3, 3, 2, 3, 3, 3, 1, 0, 3, 2, 3, 2, 3, 0, 0, 0, 3, 3]","[3, 3, 3, 1, 3, 3, 3, 3, 3, 3, 1, 0, 3, 3, 3, 3, 3, 1, 0, 0, 1, 3]"
note_0257_07,case_0257,structured_sbar,cardiology,0.8461538461538461,0.9615384615384616,medium,high,"[3, 3, 3, 1, 3, 3, 1, 3, 3, 3, 3, 0, 3, 3, 3, 2, 3, 0, 0, 0, 3, 3]","[3, 3, 3, 1, 3, 3, 3, 3, 3, 3, 3, 0, 3, 3, 3, 3, 3, 0, 0, 0, 3, 3]"
note_0257_08,case_0257,terse_resident_signout,cardiology,0.34615384615384615,0.4166666666666667,low,low,"[3, 1, 1, 1, 1, 1, 1, 1, 3, 3, 1, 0, 3, 3, 3, 1, 1, 0, 0, 0, 1, 3]","[3, 2, 1, 1, 3, 1, 1, 3, 3, 3, 1, 0, 3, 3, 3, 1, 1, 1, 0, 1, 1, 3]"
note_0257_09,case_0257,nursing_shift_note,cardiology,0.5769230769230769,0.6166666666666667,medium,medium,"[3, 1, 3, 1, 3, 1, 1, 1, 3, 3, 3, 0, 3, 3, 3, 2, 1, 0, 0, 0, 1, 3]","[3, 2, 3, 1, 3, 1, 1, 3, 3, 3, 1, 0, 3, 3, 3, 3, 1, 1, 0, 1, 3, 3]"
note_0257_10,case_0257,abbreviation_heavy,cardiology,0.8461538461538461,0.7857142857142857,medium,medium,"[3, 2, 3, 3, 3, 3, 2, 3, 3, 3, 1, 0, 3, 2, 3, 2, 3, 0, 0, 0, 3, 3]","[3, 3, 3, 1, 3, 3, 3, 3, 3, 3, 1, 0, 3, 3, 3, 3, 3, 1, 0, 0, 1, 3]"
note_0267_01,case_0267,structured_sbar,emergency_observation,1.0,1.0,high,high,"[3, 3, 3, 3, 3, 3, 3, 3, 3, 3, 3, 0, 3, 3, 3, 3, 3, 3, 0, 3, 3, 3]","[3, 3, 3, 3, 3, 0, 3, 3, 3, 3, 3, 0, 3, 3, 3, 3, 3, 3, 0, 3, 3, 3]"
note_0267_02,case_0267,terse_resident_signout,emergency_observation,0.9166666666666666,0.7916666666666666,high,medium,"[3, 3, 3, 3, 3, 3, 3, 3, 3, 3, 3, 0, 3, 2, 3, 3, 3, 3, 0, 3, 1, 3]","[3, 3, 3, 1, 3, 0, 1, 3, 3, 3, 3, 0, 3, 3, 3, 0, 3, 3, 0, 0, 1, 3]"
note_0267_03,case_0267,nursing_shift_note,emergency_observation,0.6,0.625,medium,medium,"[3, 2, 1, 3, 3, 1, 2, 1, 3, 3, 1, 0, 3, 2, 3, 3, 3, 1, 0, 3, 1, 3]","[3, 2, 1, 1, 3, 0, 1, 3, 3, 3, 1, 0, 3, 2, 3, 0, 3, 3, 0, 0, 1, 3]"
note_0267_04,case_0267,abbreviation_heavy,emergency_observation,0.75,0.75,medium,medium,"[3, 1, 3, 3, 3, 1, 3, 3, 3, 3, 3, 0, 3, 2, 3, 3, 3, 1, 0, 3, 1, 3]","[3, 2, 3, 1, 3, 0, 1, 3, 3, 3, 3, 0, 3, 2, 3, 0, 3, 3, 0, 0, 1, 3]"
note_0267_05,case_0267,verbose_unfocused,emergency_observation,0.23333333333333334,0.25,low,low,"[3, 2, 1, 1, 1, 1, 2, 1, 2, 2, 2, 0, 2, 2, 2, 1, 1, 1, 0, 1, 1, 2]","[2, 2, 1, 1, 2, 1, 1, 1, 2, 2, 1, 0, 2, 2, 2, 1, 1, 1, 0, 2, 1, 3]"
note_0267_06,case_0267,messy_free_text,emergency_observation,0.7333333333333333,0.8269230769230769,medium,medium,"[3, 1, 3, 3, 3, 1, 3, 3, 3, 3, 3, 0, 3, 1, 3, 3, 3, 1, 0, 3, 1, 3]","[3, 3, 3, 3, 3, 0, 1, 3, 3, 3, 3, 0, 3, 2, 3, 0, 3, 3, 0, 3, 1, 3]"
note_0267_07,case_0267,structured_sbar,emergency_observation,0.95,0.9583333333333334,high,high,"[3, 2, 3, 1, 3, 3, 3, 3, 3, 3, 3, 0, 3, 3, 3, 3, 3, 3, 0, 3, 3, 3]","[3, 3, 3, 1, 3, 0, 3, 3, 3, 3, 3, 0, 3, 3, 3, 0, 3, 3, 0, 0, 3, 3]"
note_0267_08,case_0267,terse_resident_signout,emergency_observation,0.8,0.7083333333333334,medium,medium,"[3, 2, 3, 3, 3, 1, 3, 3, 3, 3, 1, 0, 3, 2, 3, 3, 3, 3, 0, 3, 1, 3]","[3, 2, 3, 1, 3, 0, 1, 3, 3, 3, 1, 0, 3, 2, 3, 0, 3, 3, 0, 0, 1, 3]"
note_0267_09,case_0267,nursing_shift_note,emergency_observation,1.0,0.9583333333333334,high,high,"[3, 3, 3, 3, 3, 3, 3, 3, 3, 3, 3, 0, 3, 3, 3, 3, 3, 3, 0, 3, 3, 3]","[3, 3, 3, 1, 3, 0, 3, 3, 3, 3, 3, 0, 3, 3, 3, 0, 3, 3, 0, 0, 3, 3]"
note_0267_10,case_0267,abbreviation_heavy,emergency_observation,0.7333333333333333,0.9807692307692307,medium,high,"[3, 1, 3, 3, 3, 1, 3, 3, 3, 3, 3, 0, 3, 1, 3, 3, 3, 1, 0, 3, 1, 3]","[3, 3, 3, 3, 3, 0, 3, 3, 3, 3, 3, 0, 3, 2, 3, 0, 3, 3, 0, 3, 3, 3]"
note_0270_01,case_0270,structured_sbar,internal_medicine,0.9642857142857143,1.0,high,high,"[3, 3, 3, 3, 0, 0, 2, 3, 3, 3, 3, 3, 3, 3, 3, 3, 3, 3, 3, 3, 3, 3]","[3, 3, 3, 3, 3, 3, 3, 3, 3, 3, 3, 3, 3, 3, 3, 3, 3, 3, 3, 3, 3, 3]"
note_0270_02,case_0270,terse_resident_signout,internal_medicine,0.8035714285714286,0.9166666666666666,medium,high,"[3, 3, 3, 3, 0, 0, 2, 3, 3, 3, 1, 3, 3, 2, 3, 3, 3, 3, 1, 3, 1, 3]","[3, 3, 3, 3, 3, 0, 3, 3, 3, 3, 1, 3, 3, 2, 3, 3, 3, 3, 1, 3, 3, 3]"
note_0270_03,case_0270,nursing_shift_note,internal_medicine,0.46875,0.46875,low,low,"[3, 2, 1, 1, 1, 1, 1, 1, 3, 3, 1, 3, 3, 2, 3, 1, 3, 3, 3, 2, 1, 3]","[3, 2, 1, 1, 1, 1, 1, 1, 3, 3, 1, 3, 3, 2, 3, 1, 3, 3, 3, 2, 1, 3]"
note_0270_04,case_0270,abbreviation_heavy,internal_medicine,0.65625,0.6875,medium,medium,"[3, 2, 3, 3, 1, 1, 1, 3, 3, 3, 1, 3, 3, 2, 3, 3, 3, 3, 1, 3, 1, 3]","[3, 2, 3, 1, 3, 1, 1, 3, 3, 3, 1, 3, 3, 2, 3, 3, 3, 3, 1, 3, 1, 3]"
note_0270_05,case_0270,verbose_unfocused,internal_medicine,0.375,0.25806451612903225,low,low,"[3, 2, 1, 1, 1, 1, 2, 2, 2, 2, 2, 2, 2, 2, 2, 1, 2, 2, 1, 2, 2, 3]","[2, 2, 1, 1, 1, 1, 1, 2, 2, 2, 1, 0, 2, 2, 2, 1, 2, 2, 1, 2, 1, 2]"
note_0270_06,case_0270,messy_free_text,internal_medicine,0.9464285714285714,0.921875,high,high,"[3, 3, 3, 3, 0, 0, 2, 3, 3, 3, 3, 3, 3, 2, 3, 3, 3, 3, 3, 3, 3, 3]","[3, 3, 3, 3, 3, 3, 1, 3, 3, 3, 3, 3, 3, 2, 3, 3, 3, 3, 3, 3, 3, 3]"
note_0270_07,case_0270,structured_sbar,internal_medicine,0.8214285714285714,0.6785714285714286,medium,medium,"[3, 3, 1, 3, 0, 0, 2, 3, 3, 3, 3, 3, 3, 3, 3, 3, 3, 3, 1, 3, 2, 3]","[3, 2, 1, 1, 3, 0, 1, 3, 3, 3, 3, 3, 3, 2, 3, 0, 3, 3, 1, 3, 1, 3]"
note_0270_08,case_0270,terse_resident_signout,internal_medicine,0.46875,0.46875,low,low,"[3, 2, 1, 1, 1, 1, 1, 1, 3, 3, 1, 3, 3, 2, 3, 1, 3, 3, 3, 2, 1, 3]","[3, 2, 1, 1, 1, 1, 1, 1, 3, 3, 1, 3, 3, 2, 3, 1, 3, 3, 3, 2, 1, 3]"
note_0270_09,case_0270,nursing_shift_note,internal_medicine,0.703125,0.8214285714285714,medium,medium,"[3, 3, 3, 1, 1, 1, 2, 3, 3, 3, 3, 3, 3, 2, 3, 1, 3, 3, 1, 3, 3, 3]","[3, 2, 3, 1, 3, 0, 1, 3, 3, 3, 3, 3, 3, 2, 3, 0, 3, 3, 1, 3, 3, 3]"
note_0270_10,case_0270,abbreviation_heavy,internal_medicine,0.9464285714285714,0.921875,high,high,"[3, 3, 3, 3, 0, 0, 2, 3, 3, 3, 3, 3, 3, 2, 3, 3, 3, 3, 3, 3, 3, 3]","[3, 3, 3, 3, 3, 3, 1, 3, 3, 3, 3, 3, 3, 2, 3, 3, 3, 3, 3, 3, 3, 3]"
note_0273_01,case_0273,structured_sbar,internal_medicine,0.9615384615384616,1.0,high,high,"[3, 3, 3, 3, 0, 0, 3, 3, 3, 3, 3, 3, 3, 3, 3, 0, 3, 3, 3, 2, 3, 3]","[3, 3, 3, 3, 3, 3, 3, 3, 3, 3, 3, 3, 3, 3, 3, 3, 3, 3, 0, 3, 3, 3]"
note_0273_02,case_0273,terse_resident_signout,internal_medicine,0.8269230769230769,0.921875,medium,high,"[3, 3, 3, 3, 0, 0, 3, 3, 3, 3, 3, 3, 3, 2, 3, 0, 3, 3, 1, 2, 1, 3]","[3, 3, 3, 1, 3, 3, 3, 3, 3, 3, 3, 3, 3, 2, 3, 3, 3, 3, 1, 3, 3, 3]"
note_0273_03,case_0273,nursing_shift_note,internal_medicine,0.5769230769230769,0.4375,medium,low,"[3, 2, 1, 1, 0, 0, 2, 1, 3, 3, 1, 3, 3, 2, 3, 0, 3, 3, 3, 2, 1, 1]","[3, 2, 1, 1, 1, 1, 1, 1, 3, 3, 1, 3, 3, 2, 3, 1, 3, 3, 1, 2, 1, 3]"
note_0273_04,case_0273,abbreviation_heavy,internal_medicine,0.7115384615384616,0.6666666666666666,medium,medium,"[3, 3, 1, 3, 0, 0, 3, 3, 3, 3, 1, 3, 3, 2, 3, 0, 3, 3, 1, 2, 1, 3]","[3, 2, 3, 1, 3, 1, 1, 3, 3, 3, 1, 3, 3, 2, 3, 0, 3, 3, 1, 3, 1, 3]"
note_0273_05,case_0273,verbose_unfocused,internal_medicine,0.2857142857142857,0.25806451612903225,low,low,"[2, 2, 1, 1, 0, 0, 2, 1, 2, 2, 1, 1, 2, 2, 1, 1, 2, 2, 1, 2, 1, 3]","[2, 2, 1, 1, 2, 1, 1, 1, 2, 2, 1, 2, 2, 2, 2, 1, 2, 1, 0, 2, 1, 2]"
note_0273_06,case_0273,messy_free_text,internal_medicine,0.7884615384615384,0.6666666666666666,medium,medium,"[3, 3, 3, 3, 0, 0, 3, 3, 3, 3, 1, 3, 3, 2, 3, 0, 3, 3, 1, 2, 1, 3]","[3, 2, 3, 1, 3, 1, 1, 3, 3, 3, 1, 3, 3, 2, 3, 0, 3, 3, 1, 3, 1, 3]"
note_0273_07,case_0273,structured_sbar,internal_medicine,0.9285714285714286,1.0,high,high,"[3, 3, 3, 3, 0, 3, 3, 3, 3, 3, 3, 3, 3, 3, 3, 0, 3, 3, 1, 2, 3, 3]","[3, 3, 3, 3, 3, 3, 3, 3, 3, 3, 3, 3, 3, 3, 3, 3, 3, 3, 0, 3, 3, 3]"
note_0273_08,case_0273,terse_resident_signout,internal_medicine,0.6346153846153846,0.703125,medium,medium,"[3, 3, 3, 1, 0, 0, 1, 1, 3, 3, 1, 3, 3, 2, 3, 0, 3, 3, 1, 2, 1, 3]","[3, 3, 3, 1, 3, 1, 1, 3, 3, 3, 1, 3, 3, 2, 3, 3, 3, 3, 1, 3, 1, 3]"
note_0273_09,case_0273,nursing_shift_note,internal_medicine,0.7857142857142857,0.921875,medium,high,"[3, 3, 3, 1, 0, 1, 3, 1, 3, 3, 3, 3, 3, 3, 3, 0, 3, 3, 1, 2, 3, 3]","[3, 3, 3, 1, 3, 3, 3, 3, 3, 3, 3, 3, 3, 2, 3, 3, 3, 3, 1, 3, 3, 3]"
note_0273_10,case_0273,abbreviation_heavy,internal_medicine,0.8653846153846154,0.6875,high,medium,"[3, 3, 3, 3, 0, 0, 3, 3, 3, 3, 1, 3, 3, 2, 3, 0, 3, 3, 1, 2, 3, 3]","[3, 2, 3, 1, 3, 1, 1, 3, 3, 3, 1, 3, 3, 2, 3, 3, 3, 3, 1, 3, 1, 3]"
note_0276_01,case_0276,structured_sbar,orthopedics,0.9259259259259259,1.0,high,high,"[3, 3, 3, 3, 3, 3, 3, 3, 3, 0, 3, 3, 0, 3, 0, 3, 3, 3, 3, 2, 2, 3]","[3, 3, 3, 3, 3, 3, 3, 3, 3, 3, 3, 3, 0, 3, 3, 3, 3, 3, 3, 3, 3, 3]"
note_0276_02,case_0276,terse_resident_signout,orthopedics,0.7037037037037037,0.5370370370370371,medium,medium,"[3, 3, 3, 1, 3, 3, 3, 3, 3, 0, 1, 3, 0, 3, 0, 3, 1, 1, 3, 2, 1, 3]","[3, 2, 3, 1, 3, 1, 1, 1, 3, 0, 1, 3, 0, 3, 0, 3, 3, 1, 3, 2, 1, 3]"
note_0276_03,case_0276,nursing_shift_note,orthopedics,0.2962962962962963,0.3888888888888889,low,low,"[3, 1, 1, 1, 3, 1, 1, 1, 3, 0, 1, 3, 0, 3, 0, 1, 1, 1, 3, 1, 1, 3]","[3, 2, 1, 1, 3, 1, 1, 1, 3, 0, 1, 3, 0, 3, 0, 2, 1, 1, 3, 2, 1, 3]"
note_0276_04,case_0276,abbreviation_heavy,orthopedics,0.5925925925925926,0.6964285714285714,medium,medium,"[3, 1, 3, 1, 3, 1, 3, 3, 3, 0, 3, 3, 0, 3, 0, 1, 3, 3, 1, 2, 1, 1]","[3, 2, 3, 1, 3, 1, 1, 3, 3, 3, 1, 3, 0, 3, 0, 3, 3, 3, 3, 3, 1, 3]"
note_0276_05,case_0276,verbose_unfocused,orthopedics,0.3888888888888889,0.3,low,low,"[3, 2, 1, 1, 2, 2, 2, 1, 2, 0, 2, 1, 0, 2, 0, 2, 2, 2, 2, 2, 1, 2]","[2, 2, 1, 1, 2, 1, 1, 1, 2, 2, 2, 2, 0, 2, 1, 2, 2, 2, 2, 2, 1, 2]"
note_0276_06,case_0276,messy_free_text,orthopedics,0.6296296296296297,0.6964285714285714,medium,medium,"[3, 1, 3, 1, 3, 1, 3, 3, 3, 0, 3, 3, 0, 3, 0, 1, 3, 3, 1, 2, 1, 3]","[3, 2, 3, 1, 3, 1, 1, 3, 3, 3, 1, 3, 0, 3, 0, 3, 3, 3, 3, 3, 1, 3]"
note_0276_07,case_0276,structured_sbar,orthopedics,0.8518518518518519,0.8888888888888888,high,high,"[3, 3, 3, 1, 3, 3, 3, 3, 3, 0, 3, 3, 0, 3, 0, 3, 3, 3, 3, 2, 1, 3]","[3, 3, 3, 1, 3, 3, 3, 3, 3, 0, 3, 3, 0, 3, 0, 3, 3, 3, 3, 3, 1, 3]"
note_0276_08,case_0276,terse_resident_signout,orthopedics,0.4444444444444444,0.5370370370370371,low,medium,"[3, 1, 3, 1, 3, 1, 1, 3, 3, 0, 1, 3, 0, 3, 0, 1, 1, 1, 3, 2, 1, 3]","[3, 2, 3, 1, 3, 1, 1, 1, 3, 0, 1, 3, 0, 3, 0, 3, 3, 1, 3, 2, 1, 3]"
note_0276_09,case_0276,nursing_shift_note,orthopedics,0.6666666666666666,0.6851851851851852,medium,medium,"[3, 1, 3, 1, 3, 3, 3, 3, 1, 0, 1, 3, 0, 3, 0, 1, 3, 3, 3, 2, 1, 3]","[3, 2, 3, 1, 3, 1, 1, 3, 3, 0, 1, 3, 0, 3, 0, 3, 3, 3, 3, 3, 1, 3]"
note_0276_10,case_0276,abbreviation_heavy,orthopedics,0.6296296296296297,0.6964285714285714,medium,medium,"[3, 1, 3, 1, 3, 1, 3, 3, 3, 0, 3, 3, 0, 3, 0, 1, 3, 3, 1, 2, 1, 3]","[3, 2, 3, 1, 3, 1, 1, 3, 3, 3, 1, 3, 0, 3, 0, 3, 3, 3, 3, 3, 1, 3]"
note_0281_01,case_0281,structured_sbar,surgery,1.0,1.0,high,high,"[3, 3, 3, 3, 3, 3, 0, 3, 3, 3, 3, 3, 3, 3, 3, 3, 3, 3, 3, 3, 3, 3]","[3, 3, 3, 3, 3, 3, 3, 3, 3, 3, 3, 3, 3, 3, 3, 3, 3, 3, 3, 3, 3, 3]"
note_0281_02,case_0281,terse_resident_signout,surgery,0.7333333333333333,0.78125,medium,medium,"[3, 3, 3, 1, 3, 3, 0, 2, 3, 3, 1, 3, 3, 2, 3, 3, 3, 1, 3, 2, 1, 3]","[3, 3, 3, 1, 3, 3, 1, 3, 3, 3, 3, 3, 3, 3, 3, 3, 3, 1, 3, 3, 1, 3]"
note_0281_03,case_0281,nursing_shift_note,surgery,0.45,0.46875,low,low,"[2, 2, 1, 1, 3, 1, 0, 1, 3, 1, 1, 3, 3, 2, 3, 1, 3, 1, 3, 2, 1, 3]","[3, 2, 1, 1, 3, 1, 1, 1, 3, 3, 1, 3, 3, 2, 3, 1, 3, 1, 3, 2, 1, 3]"
note_0281_04,case_0281,abbreviation_heavy,surgery,0.671875,0.5625,medium,medium,"[3, 3, 3, 1, 3, 3, 1, 1, 3, 3, 1, 3, 3, 2, 3, 3, 3, 1, 3, 2, 1, 3]","[3, 2, 3, 1, 3, 1, 1, 1, 3, 3, 1, 3, 3, 2, 3, 3, 3, 1, 3, 1, 1, 3]"
note_0281_05,case_0281,verbose_unfocused,surgery,0.234375,0.328125,low,low,"[2, 2, 1, 1, 2, 1, 1, 1, 2, 2, 1, 1, 2, 2, 2, 1, 1, 1, 2, 2, 1, 2]","[2, 2, 1, 1, 2, 1, 1, 1, 2, 2, 1, 3, 2, 2, 2, 2, 2, 1, 2, 2, 1, 3]"
note_0281_06,case_0281,messy_free_text,surgery,0.859375,0.875,high,high,"[3, 3, 3, 1, 3, 3, 1, 3, 3, 3, 1, 3, 3, 2, 3, 3, 3, 3, 3, 3, 3, 3]","[3, 3, 3, 1, 3, 3, 1, 3, 3, 3, 1, 3, 3, 3, 3, 3, 3, 3, 3, 3, 3, 3]"
note_0281_07,case_0281,structured_sbar,surgery,0.8,0.875,medium,high,"[3, 3, 3, 1, 3, 3, 0, 2, 3, 3, 3, 3, 3, 2, 3, 2, 3, 1, 3, 2, 3, 3]","[3, 3, 3, 1, 3, 3, 2, 3, 3, 3, 3, 3, 3, 3, 3, 3, 3, 1, 3, 3, 3, 3]"
note_0281_08,case_0281,terse_resident_signout,surgery,0.5833333333333334,0.671875,medium,medium,"[2, 2, 3, 1, 3, 1, 0, 1, 3, 3, 1, 3, 3, 2, 3, 2, 3, 1, 3, 2, 1, 3]","[3, 2, 3, 1, 3, 1, 1, 3, 3, 3, 1, 3, 3, 3, 3, 3, 3, 1, 3, 3, 1, 3]"
note_0281_09,case_0281,nursing_shift_note,surgery,0.85,0.84375,high,medium,"[3, 3, 3, 1, 3, 3, 0, 3, 3, 3, 1, 3, 3, 2, 3, 3, 3, 1, 3, 3, 3, 3]","[3, 3, 3, 1, 3, 3, 1, 3, 3, 3, 3, 3, 3, 3, 3, 3, 3, 1, 3, 3, 3, 3]"
note_0281_10,case_0281,abbreviation_heavy,surgery,0.859375,0.96875,high,high,"[3, 3, 3, 1, 3, 3, 1, 3, 3, 3, 1, 3, 3, 2, 3, 3, 3, 3, 3, 3, 3, 3]","[3, 3, 3, 1, 3, 3, 3, 3, 3, 3, 3, 3, 3, 3, 3, 3, 3, 3, 3, 3, 3, 3]"
note_0286_01,case_0286,structured_sbar,neurology,1.0,1.0,high,high,"[3, 3, 3, 3, 3, 3, 3, 3, 3, 3, 3, 3, 3, 3, 3, 3, 3, 3, 0, 3, 3, 3]","[3, 3, 3, 3, 3, 3, 3, 3, 3, 3, 3, 3, 3, 3, 3, 3, 3, 3, 0, 3, 3, 3]"
note_0286_02,case_0286,terse_resident_signout,neurology,0.7419354838709677,0.5967741935483871,medium,medium,"[3, 2, 3, 1, 3, 3, 2, 3, 3, 3, 2, 3, 3, 3, 3, 3, 3, 1, 0, 1, 2, 3]","[3, 2, 3, 1, 3, 1, 1, 3, 3, 3, 1, 3, 3, 3, 3, 3, 3, 1, 0, 1, 1, 3]"
note_0286_03,case_0286,nursing_shift_note,neurology,0.5161290322580645,0.43548387096774194,medium,low,"[3, 2, 1, 1, 3, 2, 1, 2, 3, 3, 1, 3, 3, 3, 3, 2, 3, 1, 0, 1, 1, 3]","[3, 2, 1, 1, 3, 1, 1, 1, 3, 3, 1, 3, 3, 3, 3, 1, 3, 1, 0, 1, 1, 3]"
note_0286_04,case_0286,abbreviation_heavy,neurology,0.5806451612903226,0.5967741935483871,medium,medium,"[3, 2, 3, 1, 3, 1, 1, 3, 3, 3, 1, 3, 3, 2, 3, 3, 3, 1, 0, 1, 1, 3]","[3, 2, 3, 1, 3, 1, 1, 3, 3, 3, 1, 3, 3, 3, 3, 3, 3, 1, 0, 1, 1, 3]"
note_0286_05,case_0286,verbose_unfocused,neurology,0.3709677419354839,0.328125,low,low,"[2, 2, 1, 1, 2, 1, 1, 2, 2, 2, 2, 2, 2, 2, 2, 2, 2, 2, 0, 2, 1, 3]","[2, 2, 1, 1, 2, 1, 1, 1, 2, 2, 1, 2, 2, 2, 2, 2, 2, 2, 1, 2, 1, 3]"
note_0286_06,case_0286,messy_free_text,neurology,0.6129032258064516,0.5967741935483871,medium,medium,"[3, 2, 3, 1, 3, 2, 1, 3, 3, 3, 1, 3, 3, 2, 3, 3, 3, 1, 0, 1, 1, 3]","[3, 2, 3, 1, 3, 1, 1, 3, 3, 3, 1, 3, 3, 3, 3, 3, 3, 1, 0, 1, 1, 3]"
note_0286_07,case_0286,structured_sbar,neurology,0.7741935483870968,0.9354838709677419,medium,high,"[3, 3, 3, 1, 3, 2, 1, 3, 3, 3, 3, 3, 3, 3, 3, 3, 3, 3, 0, 1, 2, 3]","[3, 3, 3, 1, 3, 3, 2, 3, 3, 3, 3, 3, 3, 3, 3, 3, 3, 3, 0, 3, 3, 3]"
note_0286_08,case_0286,terse_resident_signout,neurology,0.5645161290322581,0.43548387096774194,medium,low,"[3, 2, 1, 1, 3, 2, 1, 3, 3, 3, 1, 3, 3, 3, 3, 3, 3, 1, 0, 1, 1, 3]","[3, 2, 1, 1, 3, 1, 1, 1, 3, 3, 1, 3, 3, 3, 3, 1, 3, 1, 0, 1, 1, 3]"
note_0286_09,case_0286,nursing_shift_note,neurology,0.6774193548387096,0.532258064516129,medium,medium,"[3, 3, 1, 1, 3, 3, 1, 3, 3, 3, 3, 3, 3, 3, 3, 3, 3, 1, 0, 1, 2, 3]","[3, 2, 1, 1, 3, 1, 1, 3, 3, 3, 1, 3, 3, 3, 3, 3, 3, 1, 0, 1, 1, 3]"
note_0286_10,case_0286,abbreviation_heavy,neurology,0.6129032258064516,0.5967741935483871,medium,medium,"[3, 2, 3, 1, 3, 2, 1, 3, 3, 3, 1, 3, 3, 2, 3, 3, 3, 1, 0, 1, 1, 3]","[3, 2, 3, 1, 3, 1, 1, 3, 3, 3, 1, 3, 3, 3, 3, 3, 3, 1, 0, 1, 1, 3]"
note_0288_01,case_0288,structured_sbar,internal_medicine,1.0,1.0,high,high,"[3, 3, 3, 3, 3, 3, 3, 3, 3, 3, 3, 0, 3, 3, 3, 3, 3, 3, 0, 0, 3, 3]","[3, 3, 3, 3, 3, 3, 3, 3, 3, 3, 3, 3, 3, 3, 3, 3, 3, 3, 0, 3, 3, 3]"
note_0288_02,case_0288,terse_resident_signout,internal_medicine,0.8928571428571429,0.9642857142857143,high,high,"[3, 3, 3, 1, 3, 3, 2, 3, 3, 3, 3, 0, 3, 3, 3, 3, 3, 3, 0, 0, 2, 3]","[3, 3, 3, 1, 3, 3, 3, 3, 3, 3, 3, 0, 3, 3, 3, 3, 3, 3, 0, 0, 3, 3]"
note_0288_03,case_0288,nursing_shift_note,internal_medicine,0.2857142857142857,0.4,low,low,"[3, 2, 1, 1, 1, 1, 1, 1, 2, 1, 1, 0, 3, 3, 2, 1, 3, 1, 0, 0, 1, 3]","[3, 2, 1, 1, 3, 1, 1, 1, 3, 3, 1, 0, 3, 2, 3, 1, 3, 1, 0, 1, 1, 3]"
note_0288_04,case_0288,abbreviation_heavy,internal_medicine,0.6071428571428571,0.625,medium,medium,"[3, 2, 3, 1, 3, 1, 1, 1, 2, 1, 1, 0, 3, 3, 3, 3, 3, 3, 0, 0, 1, 3]","[3, 2, 3, 1, 3, 1, 1, 3, 3, 3, 1, 3, 3, 2, 3, 3, 3, 3, 1, 1, 1, 3]"
note_0288_05,case_0288,verbose_unfocused,internal_medicine,0.23214285714285715,0.25,low,low,"[2, 2, 1, 1, 2, 1, 1, 1, 2, 2, 1, 0, 2, 2, 1, 1, 2, 2, 0, 0, 1, 2]","[2, 2, 1, 1, 2, 1, 1, 1, 2, 2, 1, 0, 2, 2, 2, 1, 2, 1, 0, 2, 1, 2]"
note_0288_06,case_0288,messy_free_text,internal_medicine,1.0,0.9193548387096774,high,high,"[3, 3, 3, 3, 3, 3, 3, 3, 3, 3, 3, 0, 3, 3, 3, 3, 3, 3, 0, 0, 3, 3]","[3, 3, 3, 1, 3, 3, 3, 3, 3, 3, 1, 3, 3, 2, 3, 3, 3, 3, 0, 3, 3, 3]"
note_0288_07,case_0288,structured_sbar,internal_medicine,0.42857142857142855,0.3333333333333333,low,low,"[3, 2, 1, 1, 2, 1, 1, 1, 3, 3, 1, 0, 3, 2, 2, 1, 3, 3, 0, 0, 1, 3]","[3, 2, 1, 1, 1, 1, 1, 1, 2, 2, 1, 0, 3, 2, 2, 1, 3, 3, 0, 1, 1, 3]"
note_0288_08,case_0288,terse_resident_signout,internal_medicine,0.8392857142857143,0.6724137931034483,medium,medium,"[3, 3, 3, 1, 3, 2, 2, 3, 3, 3, 2, 0, 3, 3, 3, 3, 3, 3, 0, 0, 2, 3]","[3, 2, 3, 1, 3, 1, 1, 3, 3, 3, 1, 0, 3, 3, 3, 3, 3, 3, 1, 0, 1, 3]"
note_0288_09,case_0288,nursing_shift_note,internal_medicine,0.8392857142857143,0.6724137931034483,medium,medium,"[3, 3, 3, 1, 3, 2, 2, 3, 3, 3, 2, 0, 3, 3, 3, 3, 3, 3, 0, 0, 2, 3]","[3, 2, 3, 1, 3, 1, 1, 3, 3, 3, 1, 0, 3, 3, 3, 3, 3, 3, 1, 0, 1, 3]"
note_0288_10,case_0288,abbreviation_heavy,internal_medicine,0.8392857142857143,0.6666666666666666,medium,medium,"[3, 3, 3, 1, 3, 2, 2, 3, 3, 3, 2, 0, 3, 3, 3, 3, 3, 3, 0, 0, 2, 3]","[3, 2, 3, 1, 3, 1, 1, 3, 3, 3, 1, 3, 3, 2, 3, 3, 3, 3, 1, 0, 1, 3]"
note_0289_01,case_0289,structured_sbar,cardiology,1.0,1.0,high,high,"[3, 3, 3, 3, 3, 3, 3, 3, 3, 3, 3, 0, 3, 3, 3, 3, 3, 3, 0, 3, 3, 3]","[3, 3, 3, 3, 3, 3, 3, 3, 3, 3, 3, 3, 3, 3, 3, 3, 3, 3, 0, 3, 3, 3]"
note_0289_02,case_0289,terse_resident_signout,cardiology,0.7666666666666667,0.8928571428571429,medium,high,"[3, 3, 3, 1, 3, 3, 3, 3, 3, 3, 3, 0, 3, 3, 3, 3, 3, 1, 0, 1, 1, 3]","[3, 3, 3, 1, 3, 3, 3, 3, 3, 3, 3, 0, 3, 3, 3, 3, 3, 1, 0, 0, 3, 3]"
note_0289_03,case_0289,nursing_shift_note,cardiology,0.3333333333333333,0.42857142857142855,low,low,"[3, 2, 1, 1, 2, 1, 1, 1, 3, 3, 1, 0, 3, 2, 2, 1, 3, 1, 0, 1, 1, 3]","[3, 2, 1, 1, 3, 1, 1, 1, 3, 3, 1, 0, 3, 2, 3, 1, 3, 1, 0, 0, 1, 3]"
note_0289_04,case_0289,abbreviation_heavy,cardiology,0.5666666666666667,0.5769230769230769,medium,medium,"[3, 2, 3, 1, 3, 1, 1, 3, 3, 3, 1, 0, 3, 2, 3, 3, 3, 1, 0, 1, 1, 3]","[3, 2, 3, 1, 3, 1, 1, 3, 3, 3, 1, 0, 3, 2, 3, 0, 3, 1, 0, 0, 1, 3]"
note_0289_05,case_0289,verbose_unfocused,cardiology,0.21666666666666667,0.27419354838709675,low,low,"[2, 2, 1, 1, 2, 1, 1, 1, 2, 2, 1, 0, 2, 2, 2, 1, 2, 1, 0, 1, 1, 2]","[2, 2, 1, 1, 2, 1, 1, 1, 2, 2, 1, 2, 2, 2, 2, 2, 2, 1, 0, 1, 1, 3]"
note_0289_06,case_0289,messy_free_text,cardiology,0.5666666666666667,0.6071428571428571,medium,medium,"[3, 2, 3, 1, 3, 1, 1, 3, 3, 3, 1, 0, 3, 2, 3, 3, 3, 1, 0, 1, 1, 3]","[3, 2, 3, 1, 3, 1, 1, 3, 3, 3, 1, 0, 3, 2, 3, 3, 3, 1, 0, 0, 1, 3]"
note_0289_07,case_0289,structured_sbar,cardiology,0.65,0.9615384615384616,medium,high,"[3, 3, 1, 1, 3, 2, 2, 2, 3, 3, 3, 0, 3, 3, 3, 3, 3, 1, 0, 1, 2, 3]","[3, 3, 3, 1, 3, 3, 3, 3, 3, 3, 3, 0, 3, 3, 3, 3, 3, 0, 0, 0, 3, 3]"
note_0289_08,case_0289,terse_resident_signout,cardiology,0.48333333333333334,0.5961538461538461,low,medium,"[3, 2, 3, 1, 3, 1, 1, 1, 3, 3, 1, 0, 3, 3, 3, 1, 3, 1, 0, 1, 1, 3]","[3, 2, 3, 1, 3, 1, 1, 3, 3, 3, 1, 0, 3, 3, 3, 0, 3, 1, 0, 0, 1, 3]"
note_0289_09,case_0289,nursing_shift_note,cardiology,0.6833333333333333,0.8214285714285714,medium,medium,"[3, 2, 3, 1, 3, 3, 1, 3, 3, 3, 3, 0, 3, 3, 3, 3, 3, 1, 0, 1, 1, 3]","[3, 3, 3, 1, 3, 3, 3, 3, 3, 3, 3, 0, 3, 3, 3, 3, 3, 1, 0, 0, 1, 3]"
note_0289_10,case_0289,abbreviation_heavy,cardiology,0.5666666666666667,0.625,medium,medium,"[3, 2, 3, 1, 3, 1, 1, 3, 3, 3, 1, 0, 3, 2, 3, 3, 3, 1, 0, 1, 1, 3]","[3, 2, 3, 1, 3, 1, 1, 3, 3, 3, 1, 0, 3, 3, 3, 3, 3, 1, 0, 0, 1, 3]"
note_0298_01,case_0298,structured_sbar,pediatrics,1.0,1.0,high,high,"[3, 3, 3, 3, 3, 3, 3, 3, 3, 3, 3, 0, 3, 3, 3, 0, 0, 0, 0, 3, 3, 3]","[3, 3, 3, 3, 3, 0, 0, 3, 3, 3, 3, 0, 3, 3, 3, 0, 0, 0, 0, 3, 3, 3]"
note_0298_02,case_0298,terse_resident_signout,pediatrics,0.82,0.7631578947368421,medium,medium,"[3, 3, 3, 1, 3, 3, 3, 3, 3, 3, 1, 0, 3, 2, 3, 0, 0, 0, 0, 3, 1, 3]","[3, 3, 3, 1, 0, 0, 0, 3, 3, 3, 3, 0, 3, 2, 3, 0, 0, 0, 0, 2, 1, 3]"
note_0298_03,case_0298,nursing_shift_note,pediatrics,0.40384615384615385,0.5238095238095238,low,medium,"[3, 2, 1, 1, 1, 1, 1, 2, 3, 3, 1, 0, 3, 2, 3, 0, 0, 0, 1, 2, 1, 3]","[3, 2, 1, 1, 0, 0, 1, 3, 3, 3, 1, 0, 3, 2, 3, 0, 0, 0, 0, 2, 1, 3]"
note_0298_04,case_0298,abbreviation_heavy,pediatrics,0.6730769230769231,0.7380952380952381,medium,medium,"[3, 3, 3, 3, 3, 3, 1, 3, 3, 3, 1, 0, 3, 2, 3, 0, 0, 0, 1, 1, 1, 3]","[3, 3, 3, 3, 0, 0, 1, 3, 3, 3, 1, 0, 3, 2, 3, 0, 0, 0, 0, 3, 1, 3]"
note_0298_05,case_0298,verbose_unfocused,pediatrics,0.2692307692307692,0.23333333333333334,low,low,"[2, 2, 1, 1, 1, 1, 1, 2, 2, 2, 1, 0, 2, 2, 2, 0, 0, 0, 1, 2, 1, 3]","[2, 2, 1, 1, 1, 1, 1, 2, 2, 2, 1, 0, 2, 2, 2, 1, 1, 1, 0, 2, 1, 3]"
note_0298_06,case_0298,messy_free_text,pediatrics,0.6730769230769231,0.7380952380952381,medium,medium,"[3, 3, 3, 3, 3, 3, 1, 3, 3, 3, 1, 0, 3, 2, 3, 0, 0, 0, 1, 1, 1, 3]","[3, 3, 3, 3, 0, 0, 1, 3, 3, 3, 1, 0, 3, 2, 3, 0, 0, 0, 0, 3, 1, 3]"
note_0298_07,case_0298,structured_sbar,pediatrics,0.6538461538461539,0.8181818181818182,medium,medium,"[3, 3, 1, 1, 3, 3, 1, 3, 3, 3, 2, 0, 3, 2, 3, 0, 0, 0, 1, 3, 1, 3]","[3, 3, 1, 3, 3, 0, 0, 3, 3, 3, 3, 0, 3, 3, 3, 0, 3, 0, 0, 3, 1, 3]"
note_0298_08,case_0298,terse_resident_signout,pediatrics,0.4423076923076923,0.5952380952380952,low,medium,"[3, 3, 1, 1, 1, 1, 1, 3, 3, 3, 1, 0, 3, 2, 3, 0, 0, 0, 1, 2, 1, 3]","[3, 3, 1, 1, 0, 0, 1, 3, 3, 3, 3, 0, 3, 2, 3, 0, 0, 0, 0, 2, 1, 3]"
note_0298_09,case_0298,nursing_shift_note,pediatrics,0.4423076923076923,0.5952380952380952,low,medium,"[3, 3, 1, 1, 1, 1, 1, 3, 3, 3, 1, 0, 3, 2, 3, 0, 0, 0, 1, 2, 1, 3]","[3, 3, 1, 1, 0, 0, 1, 3, 3, 3, 3, 0, 3, 2, 3, 0, 0, 0, 0, 2, 1, 3]"
note_0298_10,case_0298,abbreviation_heavy,pediatrics,0.6730769230769231,0.7857142857142857,medium,medium,"[3, 3, 3, 3, 3, 3, 1, 3, 3, 3, 1, 0, 3, 2, 3, 0, 0, 0, 1, 1, 1, 3]","[3, 3, 3, 3, 0, 0, 1, 3, 3, 3, 3, 0, 3, 2, 3, 0, 0, 0, 0, 3, 1, 3]"
note_0303_01,case_0303,structured_sbar,neurology,0.84,1.0,medium,high,"[3, 3, 3, 3, 3, 0, 2, 3, 3, 3, 3, 3, 3, 3, 3, 0, 3, 1, 0, 0, 2, 3]","[3, 3, 3, 3, 3, 3, 3, 3, 3, 3, 3, 3, 3, 3, 3, 3, 3, 3, 0, 3, 3, 3]"
note_0303_02,case_0303,terse_resident_signout,neurology,0.66,0.6458333333333334,medium,medium,"[3, 3, 3, 1, 3, 0, 1, 3, 3, 3, 2, 1, 3, 3, 3, 0, 3, 1, 0, 0, 1, 3]","[3, 2, 3, 1, 3, 1, 1, 3, 3, 3, 1, 0, 3, 3, 3, 0, 3, 0, 0, 0, 1, 3]"
note_0303_03,case_0303,nursing_shift_note,neurology,0.5185185185185185,0.5192307692307693,medium,medium,"[3, 2, 1, 1, 3, 1, 1, 2, 3, 3, 1, 3, 3, 3, 3, 0, 3, 1, 0, 0, 1, 3]","[3, 2, 1, 1, 3, 1, 1, 3, 3, 3, 1, 0, 3, 3, 3, 0, 3, 1, 0, 0, 1, 3]"
note_0303_04,case_0303,abbreviation_heavy,neurology,0.5166666666666667,0.5925925925925926,medium,medium,"[3, 2, 3, 1, 3, 1, 1, 3, 3, 3, 1, 1, 3, 3, 3, 0, 3, 1, 1, 1, 1, 3]","[3, 1, 3, 1, 3, 1, 1, 3, 3, 3, 1, 3, 3, 3, 3, 0, 3, 1, 0, 0, 1, 3]"
note_0303_05,case_0303,verbose_unfocused,neurology,0.15625,0.27419354838709675,low,low,"[2, 2, 1, 1, 1, 1, 1, 1, 2, 2, 1, 1, 2, 2, 2, 1, 1, 1, 1, 1, 1, 2]","[2, 2, 1, 1, 2, 1, 1, 1, 2, 2, 1, 2, 2, 2, 2, 1, 2, 1, 0, 2, 1, 3]"
note_0303_06,case_0303,messy_free_text,neurology,0.55,0.6111111111111112,medium,medium,"[3, 2, 3, 1, 3, 1, 1, 3, 3, 3, 1, 3, 3, 3, 3, 0, 3, 1, 1, 1, 1, 3]","[3, 2, 3, 1, 3, 1, 1, 3, 3, 3, 1, 3, 3, 3, 3, 0, 3, 1, 0, 0, 1, 3]"
note_0303_07,case_0303,structured_sbar,neurology,0.82,0.7777777777777778,medium,medium,"[3, 3, 3, 3, 3, 0, 2, 3, 3, 3, 2, 3, 3, 3, 3, 0, 3, 1, 0, 0, 2, 3]","[3, 3, 3, 1, 3, 1, 2, 3, 3, 3, 3, 3, 3, 3, 3, 3, 3, 0, 0, 0, 1, 3]"
note_0303_08,case_0303,terse_resident_signout,neurology,0.6111111111111112,0.5689655172413793,medium,medium,"[3, 2, 3, 1, 3, 1, 1, 3, 3, 3, 1, 3, 3, 3, 3, 0, 3, 1, 0, 0, 1, 3]","[3, 2, 3, 1, 3, 1, 1, 3, 3, 3, 1, 3, 3, 3, 3, 1, 3, 1, 0, 0, 1, 3]"
note_0303_09,case_0303,nursing_shift_note,neurology,0.5166666666666667,0.6111111111111112,medium,medium,"[3, 2, 3, 1, 3, 1, 1, 3, 3, 3, 1, 1, 3, 3, 3, 0, 3, 1, 1, 1, 1, 3]","[3, 2, 3, 1, 3, 1, 1, 3, 3, 3, 1, 3, 3, 3, 3, 0, 3, 1, 0, 0, 1, 3]"
note_0303_10,case_0303,abbreviation_heavy,neurology,0.55,0.6379310344827587,medium,medium,"[3, 2, 3, 1, 3, 1, 1, 3, 3, 3, 1, 3, 3, 3, 3, 0, 3, 1, 1, 1, 1, 3]","[3, 2, 3, 1, 3, 1, 1, 3, 3, 3, 1, 3, 3, 3, 3, 3, 3, 1, 0, 0, 1, 3]"
note_0309_01,case_0309,structured_sbar,internal_medicine,0.9642857142857143,1.0,high,high,"[3, 3, 3, 3, 3, 3, 3, 3, 3, 3, 3, 3, 3, 3, 3, 3, 3, 0, 1, 0, 3, 3]","[3, 3, 3, 3, 3, 3, 3, 3, 3, 3, 3, 3, 3, 3, 3, 3, 3, 3, 0, 3, 3, 3]"
note_0309_02,case_0309,terse_resident_signout,internal_medicine,0.7321428571428571,0.5,medium,medium,"[3, 3, 3, 1, 3, 3, 3, 3, 3, 3, 1, 3, 3, 2, 3, 2, 1, 0, 1, 0, 1, 3]","[3, 2, 3, 1, 3, 1, 1, 3, 3, 3, 1, 3, 3, 3, 3, 1, 1, 1, 0, 1, 1, 3]"
note_0309_03,case_0309,nursing_shift_note,internal_medicine,0.4642857142857143,0.3548387096774194,low,low,"[3, 2, 1, 1, 2, 1, 1, 3, 3, 3, 1, 3, 3, 2, 3, 2, 1, 0, 1, 0, 1, 3]","[3, 2, 1, 1, 3, 1, 1, 1, 2, 2, 1, 3, 3, 2, 3, 1, 1, 1, 0, 1, 1, 3]"
note_0309_04,case_0309,abbreviation_heavy,internal_medicine,0.5714285714285714,0.4838709677419355,medium,low,"[3, 2, 3, 1, 3, 1, 1, 3, 3, 3, 1, 3, 3, 2, 3, 2, 1, 0, 1, 0, 1, 3]","[3, 2, 3, 1, 3, 1, 1, 3, 3, 3, 1, 3, 3, 2, 3, 1, 1, 1, 0, 1, 1, 3]"
note_0309_05,case_0309,verbose_unfocused,internal_medicine,0.32142857142857145,0.25806451612903225,low,low,"[2, 2, 1, 1, 2, 1, 2, 1, 2, 2, 2, 2, 2, 2, 2, 2, 1, 0, 1, 0, 1, 2]","[2, 2, 1, 1, 2, 1, 1, 1, 2, 2, 1, 2, 2, 2, 2, 1, 2, 1, 0, 2, 1, 2]"
note_0309_06,case_0309,messy_free_text,internal_medicine,0.5714285714285714,0.4838709677419355,medium,low,"[3, 2, 3, 1, 3, 1, 1, 3, 3, 3, 1, 3, 3, 2, 3, 2, 1, 0, 1, 0, 1, 3]","[3, 2, 3, 1, 3, 1, 1, 3, 3, 3, 1, 3, 3, 2, 3, 1, 1, 1, 0, 1, 1, 3]"
note_0309_07,case_0309,structured_sbar,internal_medicine,0.8392857142857143,0.8387096774193549,medium,medium,"[3, 3, 3, 1, 3, 3, 3, 3, 3, 3, 3, 3, 3, 2, 3, 2, 1, 0, 1, 0, 3, 3]","[3, 3, 3, 1, 3, 3, 3, 3, 3, 3, 3, 3, 3, 3, 3, 3, 3, 1, 0, 1, 3, 3]"
note_0309_08,case_0309,terse_resident_signout,internal_medicine,0.5357142857142857,0.3870967741935484,medium,low,"[3, 2, 1, 1, 3, 3, 1, 3, 3, 3, 1, 3, 3, 2, 3, 1, 1, 0, 1, 0, 1, 3]","[3, 2, 1, 1, 3, 1, 1, 1, 3, 3, 1, 3, 3, 2, 3, 1, 1, 1, 0, 1, 1, 3]"
note_0309_09,case_0309,nursing_shift_note,internal_medicine,0.6428571428571429,0.5645161290322581,medium,medium,"[3, 2, 3, 1, 3, 3, 1, 3, 3, 3, 1, 3, 3, 2, 3, 2, 1, 0, 1, 0, 1, 3]","[3, 2, 3, 1, 3, 1, 1, 3, 3, 3, 1, 3, 3, 3, 3, 3, 1, 1, 0, 1, 1, 3]"
note_0309_10,case_0309,abbreviation_heavy,internal_medicine,0.5714285714285714,0.45161290322580644,medium,low,"[3, 2, 3, 1, 3, 1, 1, 3, 3, 3, 1, 3, 3, 2, 3, 2, 1, 0, 1, 0, 1, 3]","[3, 2, 3, 1, 3, 1, 1, 1, 3, 3, 1, 3, 3, 2, 3, 1, 1, 1, 0, 1, 1, 3]"
note_0325_01,case_0325,structured_sbar,emergency_observation,1.0,1.0,high,high,"[3, 3, 3, 3, 0, 0, 0, 3, 3, 3, 3, 0, 3, 3, 3, 0, 0, 0, 0, 3, 3, 3]","[3, 3, 3, 3, 3, 0, 3, 3, 3, 3, 3, 0, 3, 3, 3, 0, 3, 0, 0, 3, 3, 3]"
note_0325_02,case_0325,terse_resident_signout,emergency_observation,0.8157894736842105,0.625,medium,medium,"[3, 2, 3, 1, 0, 0, 0, 3, 3, 3, 1, 0, 3, 3, 3, 0, 0, 0, 0, 2, 3, 3]","[3, 2, 3, 1, 3, 0, 1, 3, 3, 3, 3, 0, 3, 2, 3, 0, 1, 0, 0, 1, 1, 3]"
note_0325_03,case_0325,nursing_shift_note,emergency_observation,0.5526315789473685,0.5,medium,medium,"[3, 2, 1, 1, 0, 0, 0, 2, 3, 3, 1, 0, 3, 2, 3, 0, 0, 0, 0, 2, 1, 3]","[3, 2, 1, 1, 0, 0, 1, 3, 3, 3, 1, 0, 3, 2, 3, 0, 1, 0, 0, 2, 1, 3]"
note_0325_04,case_0325,abbreviation_heavy,emergency_observation,0.5909090909090909,0.5384615384615384,medium,medium,"[3, 2, 3, 1, 0, 0, 1, 3, 3, 3, 1, 0, 3, 2, 3, 0, 0, 0, 1, 2, 1, 3]","[3, 2, 3, 1, 3, 1, 1, 3, 3, 3, 1, 0, 3, 2, 3, 0, 1, 0, 0, 1, 1, 3]"
note_0325_05,case_0325,verbose_unfocused,emergency_observation,0.4090909090909091,0.2916666666666667,low,low,"[2, 2, 3, 1, 0, 0, 1, 2, 2, 2, 1, 0, 2, 2, 2, 0, 0, 0, 1, 2, 1, 3]","[2, 2, 1, 1, 1, 0, 1, 2, 2, 2, 1, 0, 2, 2, 2, 0, 1, 0, 0, 2, 1, 3]"
note_0325_06,case_0325,messy_free_text,emergency_observation,0.85,0.8125,high,medium,"[3, 2, 3, 3, 0, 0, 0, 3, 3, 3, 1, 0, 3, 2, 3, 0, 0, 0, 1, 3, 3, 3]","[3, 3, 3, 3, 3, 0, 1, 3, 3, 3, 3, 0, 3, 2, 3, 0, 3, 0, 0, 3, 1, 3]"
note_0325_07,case_0325,structured_sbar,emergency_observation,0.6590909090909091,0.875,medium,high,"[3, 2, 3, 1, 0, 0, 1, 2, 3, 3, 1, 0, 3, 2, 3, 0, 0, 0, 1, 3, 2, 3]","[3, 3, 3, 1, 3, 0, 1, 3, 3, 3, 3, 0, 3, 3, 3, 0, 3, 0, 0, 3, 3, 3]"
note_0325_08,case_0325,terse_resident_signout,emergency_observation,0.65,0.5384615384615384,medium,medium,"[3, 2, 3, 1, 0, 0, 0, 3, 3, 3, 1, 0, 3, 2, 3, 0, 0, 0, 1, 2, 1, 3]","[3, 2, 3, 1, 3, 1, 1, 3, 3, 3, 1, 0, 3, 2, 3, 0, 1, 0, 0, 1, 1, 3]"
note_0325_09,case_0325,nursing_shift_note,emergency_observation,0.775,0.5833333333333334,medium,medium,"[3, 2, 3, 1, 0, 0, 0, 3, 3, 3, 1, 0, 3, 3, 3, 0, 0, 0, 1, 2, 3, 3]","[3, 2, 3, 1, 3, 0, 1, 3, 3, 3, 1, 0, 3, 2, 3, 0, 1, 0, 0, 1, 1, 3]"
note_0325_10,case_0325,abbreviation_heavy,emergency_observation,0.85,0.7291666666666666,high,medium,"[3, 2, 3, 3, 0, 0, 0, 3, 3, 3, 1, 0, 3, 2, 3, 0, 0, 0, 1, 3, 3, 3]","[3, 3, 3, 1, 3, 0, 1, 3, 3, 3, 1, 0, 3, 2, 3, 0, 3, 0, 0, 3, 1, 3]"
note_0334_01,case_0334,structured_sbar,internal_medicine,1.0,1.0,high,high,"[3, 3, 3, 3, 3, 3, 3, 3, 3, 3, 3, 0, 3, 3, 3, 3, 3, 0, 0, 0, 3, 3]","[3, 3, 3, 3, 3, 3, 3, 3, 3, 3, 3, 0, 3, 3, 3, 3, 3, 3, 0, 3, 3, 3]"
note_0334_02,case_0334,terse_resident_signout,internal_medicine,0.8653846153846154,0.625,high,medium,"[3, 3, 3, 1, 3, 3, 2, 3, 3, 3, 2, 0, 3, 3, 3, 3, 3, 0, 0, 0, 2, 3]","[3, 2, 3, 1, 3, 1, 1, 3, 3, 3, 1, 0, 3, 3, 3, 3, 3, 1, 0, 0, 1, 3]"
note_0334_03,case_0334,nursing_shift_note,internal_medicine,0.4230769230769231,0.35714285714285715,low,low,"[3, 2, 1, 1, 1, 1, 1, 3, 3, 3, 1, 0, 3, 2, 3, 1, 3, 0, 0, 0, 1, 3]","[3, 2, 1, 1, 1, 1, 1, 1, 3, 3, 1, 0, 3, 2, 3, 1, 3, 1, 0, 0, 1, 3]"
note_0334_04,case_0334,abbreviation_heavy,internal_medicine,0.6923076923076923,0.6071428571428571,medium,medium,"[3, 3, 3, 1, 3, 1, 1, 3, 3, 3, 1, 0, 3, 3, 3, 3, 3, 0, 0, 0, 1, 3]","[3, 2, 3, 1, 3, 1, 1, 3, 3, 3, 1, 0, 3, 2, 3, 3, 3, 1, 0, 0, 1, 3]"
note_0334_05,case_0334,verbose_unfocused,internal_medicine,0.2692307692307692,0.28125,low,low,"[2, 2, 1, 1, 2, 1, 1, 1, 2, 2, 1, 0, 2, 2, 1, 2, 2, 0, 0, 0, 1, 3]","[2, 2, 1, 1, 2, 1, 1, 1, 2, 2, 1, 2, 2, 2, 2, 2, 2, 1, 1, 2, 1, 2]"
note_0334_06,case_0334,messy_free_text,internal_medicine,0.6923076923076923,0.5769230769230769,medium,medium,"[3, 2, 3, 3, 3, 1, 1, 3, 3, 3, 1, 0, 3, 2, 3, 3, 3, 0, 0, 0, 1, 3]","[3, 2, 3, 1, 3, 1, 1, 3, 3, 3, 1, 0, 3, 2, 3, 0, 3, 1, 0, 0, 1, 3]"
note_0334_07,case_0334,structured_sbar,internal_medicine,0.8461538461538461,0.9615384615384616,medium,high,"[3, 3, 3, 2, 3, 2, 2, 3, 3, 3, 2, 0, 3, 3, 3, 3, 3, 0, 0, 0, 2, 3]","[3, 3, 3, 1, 3, 3, 3, 3, 3, 3, 3, 0, 3, 3, 3, 3, 3, 0, 0, 0, 3, 3]"
note_0334_08,case_0334,terse_resident_signout,internal_medicine,0.5769230769230769,0.5192307692307693,medium,medium,"[3, 2, 1, 1, 3, 1, 1, 3, 3, 3, 1, 0, 3, 2, 3, 3, 3, 0, 0, 0, 1, 3]","[3, 2, 1, 1, 3, 1, 1, 3, 3, 3, 1, 0, 3, 3, 3, 0, 3, 1, 0, 0, 1, 3]"
note_0334_09,case_0334,nursing_shift_note,internal_medicine,0.6730769230769231,0.625,medium,medium,"[3, 2, 3, 1, 3, 1, 1, 3, 3, 3, 2, 0, 3, 2, 3, 3, 3, 0, 0, 0, 1, 3]","[3, 2, 3, 1, 3, 1, 1, 3, 3, 3, 1, 0, 3, 3, 3, 3, 3, 1, 0, 0, 1, 3]"
note_0334_10,case_0334,abbreviation_heavy,internal_medicine,0.6923076923076923,0.6071428571428571,medium,medium,"[3, 2, 3, 3, 3, 1, 1, 3, 3, 3, 1, 0, 3, 2, 3, 3, 3, 0, 0, 0, 1, 3]","[3, 2, 3, 1, 3, 1, 1, 3, 3, 3, 1, 0, 3, 2, 3, 3, 3, 1, 0, 0, 1, 3]"
note_0341_01,case_0341,structured_sbar,surgery,0.9615384615384616,1.0,high,high,"[3, 3, 3, 3, 0, 0, 3, 3, 3, 3, 3, 3, 0, 3, 3, 3, 3, 2, 3, 3, 3, 3]","[3, 3, 3, 3, 3, 3, 3, 3, 3, 3, 3, 3, 3, 3, 3, 3, 3, 0, 3, 3, 3, 3]"
note_0341_02,case_0341,terse_resident_signout,surgery,0.9230769230769231,0.515625,high,medium,"[3, 3, 3, 3, 0, 0, 3, 1, 3, 3, 3, 3, 0, 3, 3, 3, 3, 2, 3, 3, 3, 3]","[3, 2, 1, 1, 3, 1, 1, 1, 3, 3, 1, 3, 3, 3, 3, 1, 3, 1, 3, 3, 1, 3]"
note_0341_03,case_0341,nursing_shift_note,surgery,0.5961538461538461,0.453125,medium,low,"[3, 2, 1, 1, 0, 0, 3, 1, 3, 3, 1, 3, 0, 3, 3, 3, 1, 1, 3, 3, 1, 3]","[3, 2, 1, 1, 3, 1, 1, 1, 3, 3, 1, 3, 3, 3, 3, 1, 1, 1, 3, 2, 1, 3]"
note_0341_04,case_0341,abbreviation_heavy,surgery,0.6538461538461539,0.75,medium,medium,"[3, 3, 1, 1, 0, 0, 3, 3, 3, 3, 3, 3, 0, 3, 3, 1, 3, 1, 3, 3, 1, 3]","[3, 3, 3, 1, 3, 1, 1, 3, 3, 3, 1, 3, 3, 3, 3, 3, 3, 3, 3, 3, 1, 3]"
note_0341_05,case_0341,verbose_unfocused,surgery,0.6923076923076923,0.359375,medium,low,"[3, 2, 2, 1, 0, 0, 2, 2, 3, 3, 2, 3, 0, 3, 3, 2, 3, 2, 2, 3, 2, 3]","[3, 2, 1, 1, 2, 1, 1, 1, 2, 2, 1, 3, 3, 2, 2, 2, 1, 1, 2, 2, 1, 3]"
note_0341_06,case_0341,messy_free_text,surgery,0.9423076923076923,0.8125,high,medium,"[3, 2, 3, 3, 0, 0, 3, 3, 3, 3, 3, 3, 0, 3, 3, 3, 3, 2, 3, 3, 3, 3]","[3, 3, 3, 1, 3, 3, 1, 3, 3, 3, 1, 3, 3, 3, 3, 3, 3, 3, 3, 3, 1, 3]"
note_0341_07,case_0341,structured_sbar,surgery,0.9230769230769231,0.78125,high,medium,"[3, 3, 3, 3, 0, 0, 3, 3, 3, 3, 3, 3, 0, 3, 3, 3, 3, 2, 3, 3, 2, 3]","[3, 3, 1, 1, 3, 3, 1, 3, 3, 3, 3, 3, 3, 3, 3, 3, 3, 3, 3, 3, 1, 3]"
note_0341_08,case_0341,terse_resident_signout,surgery,0.75,0.578125,medium,medium,"[3, 2, 3, 1, 0, 0, 3, 3, 3, 3, 1, 3, 0, 3, 3, 3, 3, 1, 3, 3, 1, 3]","[3, 2, 3, 1, 3, 1, 1, 1, 3, 3, 1, 3, 3, 3, 3, 1, 3, 1, 3, 3, 1, 3]"
note_0341_09,case_0341,nursing_shift_note,surgery,0.8076923076923077,0.578125,medium,medium,"[3, 3, 3, 1, 0, 0, 3, 3, 3, 3, 3, 3, 0, 3, 3, 3, 3, 1, 3, 3, 1, 3]","[3, 2, 3, 1, 3, 1, 1, 1, 3, 3, 1, 3, 3, 3, 3, 1, 3, 1, 3, 3, 1, 3]"
note_0341_10,case_0341,abbreviation_heavy,surgery,0.9423076923076923,0.8125,high,medium,"[3, 2, 3, 3, 0, 0, 3, 3, 3, 3, 3, 3, 0, 3, 3, 3, 3, 2, 3, 3, 3, 3]","[3, 3, 3, 1, 3, 3, 1, 3, 3, 3, 1, 3, 3, 3, 3, 3, 3, 3, 3, 3, 1, 3]"
note_0347_01,case_0347,structured_sbar,obstetrics_gynecology,1.0,0.9583333333333334,high,high,"[3, 3, 3, 3, 0, 0, 3, 3, 3, 3, 3, 3, 0, 3, 3, 3, 3, 0, 0, 3, 3, 3]","[3, 3, 3, 3, 0, 0, 3, 3, 3, 3, 3, 3, 0, 3, 3, 3, 3, 0, 1, 3, 3, 3]"
note_0347_02,case_0347,terse_resident_signout,obstetrics_gynecology,0.8260869565217391,0.717391304347826,medium,medium,"[3, 3, 3, 3, 0, 0, 2, 3, 3, 3, 3, 3, 0, 2, 3, 2, 2, 0, 0, 2, 3, 3]","[3, 3, 3, 1, 0, 1, 3, 3, 3, 3, 3, 3, 0, 2, 3, 3, 0, 0, 1, 0, 1, 3]"
note_0347_03,case_0347,nursing_shift_note,obstetrics_gynecology,0.43478260869565216,0.4807692307692308,low,low,"[3, 3, 1, 1, 0, 0, 2, 1, 3, 3, 3, 3, 0, 3, 2, 1, 1, 0, 0, 1, 1, 3]","[3, 3, 1, 1, 0, 1, 2, 1, 3, 3, 3, 3, 0, 2, 3, 2, 1, 0, 1, 2, 1, 3]"
note_0347_04,case_0347,abbreviation_heavy,obstetrics_gynecology,0.7115384615384616,0.62,medium,medium,"[3, 3, 3, 1, 0, 1, 2, 3, 3, 3, 3, 3, 0, 2, 3, 3, 3, 0, 1, 3, 1, 3]","[3, 3, 3, 1, 0, 1, 2, 3, 3, 3, 3, 3, 0, 2, 3, 3, 0, 0, 1, 1, 1, 3]"
note_0347_05,case_0347,verbose_unfocused,obstetrics_gynecology,0.3269230769230769,0.36666666666666664,low,low,"[2, 2, 1, 1, 0, 1, 2, 1, 2, 2, 2, 2, 0, 2, 1, 2, 2, 0, 1, 2, 2, 2]","[2, 2, 1, 1, 2, 1, 2, 1, 2, 2, 2, 2, 2, 2, 2, 2, 2, 0, 1, 2, 1, 3]"
note_0347_06,case_0347,messy_free_text,obstetrics_gynecology,0.8461538461538461,0.74,medium,medium,"[3, 3, 3, 1, 0, 1, 3, 3, 3, 3, 3, 3, 0, 3, 3, 3, 3, 0, 1, 3, 3, 3]","[3, 3, 3, 1, 0, 1, 3, 3, 3, 3, 3, 3, 0, 2, 3, 3, 0, 0, 1, 3, 1, 3]"
note_0347_07,case_0347,structured_sbar,obstetrics_gynecology,0.5769230769230769,0.5,medium,medium,"[3, 3, 1, 1, 0, 1, 2, 1, 3, 3, 2, 3, 0, 2, 2, 3, 3, 0, 1, 3, 2, 3]","[3, 3, 1, 1, 0, 1, 2, 1, 3, 3, 3, 3, 0, 2, 3, 2, 2, 0, 1, 2, 1, 3]"
note_0347_08,case_0347,terse_resident_signout,obstetrics_gynecology,0.5384615384615384,0.58,medium,medium,"[3, 3, 1, 1, 0, 1, 2, 3, 3, 3, 3, 3, 0, 2, 3, 2, 2, 0, 1, 2, 1, 3]","[3, 3, 1, 1, 0, 1, 2, 3, 3, 3, 3, 3, 0, 2, 3, 3, 0, 0, 1, 2, 1, 3]"
note_0347_09,case_0347,nursing_shift_note,obstetrics_gynecology,0.8461538461538461,0.8043478260869565,medium,medium,"[3, 3, 3, 1, 0, 1, 3, 3, 3, 3, 3, 3, 0, 3, 3, 3, 3, 0, 1, 3, 3, 3]","[3, 3, 3, 1, 0, 1, 3, 3, 3, 3, 3, 3, 0, 2, 3, 3, 0, 0, 1, 0, 3, 3]"
note_0347_10,case_0347,abbreviation_heavy,obstetrics_gynecology,0.8461538461538461,0.74,medium,medium,"[3, 3, 3, 1, 0, 1, 3, 3, 3, 3, 3, 3, 0, 3, 3, 3, 3, 0, 1, 3, 3, 3]","[3, 3, 3, 1, 0, 1, 3, 3, 3, 3, 3, 3, 0, 2, 3, 3, 0, 0, 1, 3, 1, 3]"
note_0349_01,case_0349,structured_sbar,internal_medicine,1.0,1.0,high,high,"[3, 3, 3, 3, 0, 0, 0, 3, 3, 3, 3, 3, 3, 3, 3, 3, 3, 3, 3, 3, 3, 3]","[3, 3, 3, 3, 3, 3, 3, 3, 3, 3, 3, 3, 3, 3, 3, 3, 3, 3, 3, 3, 3, 3]"
note_0349_02,case_0349,terse_resident_signout,internal_medicine,0.8269230769230769,0.9107142857142857,medium,high,"[3, 3, 3, 3, 0, 0, 0, 3, 3, 3, 1, 3, 3, 2, 3, 3, 3, 3, 1, 3, 1, 3]","[3, 3, 3, 3, 3, 0, 0, 3, 3, 3, 1, 3, 3, 2, 3, 3, 3, 3, 1, 3, 3, 3]"
note_0349_03,case_0349,nursing_shift_note,internal_medicine,0.4666666666666667,0.46875,low,low,"[3, 2, 1, 1, 0, 1, 1, 1, 2, 2, 1, 3, 3, 2, 3, 1, 3, 3, 3, 2, 1, 3]","[3, 2, 1, 1, 1, 1, 1, 1, 3, 3, 1, 3, 3, 2, 3, 1, 3, 3, 3, 2, 1, 3]"
note_0349_04,case_0349,abbreviation_heavy,internal_medicine,0.48333333333333334,0.625,low,medium,"[3, 1, 3, 3, 0, 1, 1, 3, 2, 1, 1, 3, 3, 1, 3, 1, 3, 1, 1, 3, 1, 3]","[3, 2, 3, 1, 3, 1, 1, 3, 3, 3, 1, 3, 3, 2, 3, 1, 3, 3, 1, 3, 1, 3]"
note_0349_05,case_0349,verbose_unfocused,internal_medicine,0.3,0.28125,low,low,"[3, 2, 1, 1, 0, 1, 1, 1, 2, 2, 1, 2, 2, 2, 2, 1, 2, 2, 1, 2, 1, 3]","[2, 2, 1, 1, 1, 1, 1, 1, 2, 2, 1, 3, 2, 2, 2, 1, 2, 2, 1, 2, 1, 3]"
note_0349_06,case_0349,messy_free_text,internal_medicine,0.6666666666666666,0.78125,medium,medium,"[3, 2, 3, 3, 0, 1, 1, 3, 3, 3, 1, 3, 3, 2, 3, 1, 3, 3, 3, 3, 1, 3]","[3, 2, 3, 3, 3, 1, 1, 3, 3, 3, 3, 3, 3, 2, 3, 3, 3, 3, 3, 3, 1, 3]"
note_0349_07,case_0349,structured_sbar,internal_medicine,0.7666666666666667,0.6964285714285714,medium,medium,"[3, 2, 3, 3, 0, 1, 1, 3, 3, 3, 3, 3, 3, 2, 3, 1, 3, 3, 3, 3, 3, 3]","[3, 2, 1, 1, 3, 0, 1, 3, 3, 3, 3, 3, 3, 3, 3, 0, 3, 3, 1, 3, 1, 3]"
note_0349_08,case_0349,terse_resident_signout,internal_medicine,0.5666666666666667,0.5625,medium,medium,"[3, 2, 1, 1, 0, 1, 1, 3, 3, 3, 1, 3, 3, 2, 3, 1, 3, 3, 3, 3, 1, 3]","[3, 2, 1, 1, 3, 1, 1, 1, 3, 3, 1, 3, 3, 2, 3, 1, 3, 3, 3, 3, 1, 3]"
note_0349_09,case_0349,nursing_shift_note,internal_medicine,0.6333333333333333,0.7333333333333333,medium,medium,"[3, 2, 3, 1, 0, 1, 1, 3, 3, 3, 1, 3, 3, 2, 3, 1, 3, 3, 1, 3, 2, 3]","[3, 2, 3, 1, 3, 0, 1, 3, 3, 3, 1, 3, 3, 2, 3, 1, 3, 3, 1, 3, 3, 3]"
note_0349_10,case_0349,abbreviation_heavy,internal_medicine,0.6666666666666666,0.71875,medium,medium,"[3, 2, 3, 3, 0, 1, 1, 3, 3, 3, 1, 3, 3, 2, 3, 1, 3, 3, 3, 3, 1, 3]","[3, 2, 3, 1, 3, 1, 1, 3, 3, 3, 1, 3, 3, 2, 3, 3, 3, 3, 3, 3, 1, 3]"
note_0350_01,case_0350,structured_sbar,internal_medicine,1.0,1.0,high,high,"[3, 3, 3, 3, 3, 3, 3, 3, 3, 3, 3, 0, 3, 3, 3, 3, 3, 3, 0, 0, 3, 3]","[3, 3, 3, 3, 3, 3, 3, 3, 3, 3, 3, 0, 3, 3, 3, 3, 3, 3, 0, 3, 3, 3]"
note_0350_02,case_0350,terse_resident_signout,internal_medicine,0.9464285714285714,0.9310344827586207,high,high,"[3, 3, 3, 3, 3, 3, 2, 3, 3, 3, 2, 0, 3, 3, 3, 3, 3, 3, 0, 0, 3, 3]","[3, 3, 3, 1, 3, 3, 3, 3, 3, 3, 3, 0, 3, 3, 3, 3, 3, 3, 1, 0, 3, 3]"
note_0350_03,case_0350,nursing_shift_note,internal_medicine,0.44642857142857145,0.4166666666666667,low,low,"[3, 2, 1, 2, 3, 1, 1, 1, 3, 3, 1, 0, 3, 2, 2, 2, 3, 1, 0, 0, 1, 3]","[3, 2, 1, 1, 3, 1, 1, 1, 3, 3, 1, 0, 3, 3, 3, 1, 3, 1, 0, 1, 1, 3]"
note_0350_04,case_0350,abbreviation_heavy,internal_medicine,0.6428571428571429,0.625,medium,medium,"[3, 3, 3, 3, 3, 1, 1, 3, 3, 3, 1, 0, 3, 3, 2, 3, 3, 1, 0, 0, 1, 3]","[3, 3, 3, 1, 3, 1, 1, 3, 3, 3, 1, 0, 3, 2, 3, 3, 3, 1, 0, 0, 1, 3]"
note_0350_05,case_0350,verbose_unfocused,internal_medicine,0.2857142857142857,0.2903225806451613,low,low,"[2, 2, 1, 2, 2, 1, 1, 1, 3, 3, 1, 0, 2, 2, 1, 2, 2, 1, 0, 0, 1, 2]","[2, 2, 1, 1, 2, 1, 1, 1, 2, 2, 1, 2, 2, 2, 2, 2, 2, 1, 0, 2, 1, 2]"
note_0350_06,case_0350,messy_free_text,internal_medicine,0.8392857142857143,0.8035714285714286,medium,medium,"[3, 3, 3, 3, 3, 2, 2, 3, 3, 3, 2, 0, 3, 3, 2, 3, 3, 3, 0, 0, 2, 3]","[3, 3, 3, 3, 3, 0, 1, 3, 3, 3, 1, 0, 3, 2, 3, 3, 3, 3, 0, 3, 1, 3]"
note_0350_07,case_0350,structured_sbar,internal_medicine,0.9107142857142857,1.0,high,high,"[3, 3, 3, 3, 3, 2, 2, 3, 3, 3, 2, 0, 3, 3, 3, 3, 3, 3, 0, 0, 3, 3]","[3, 3, 3, 3, 3, 3, 3, 3, 3, 3, 3, 0, 3, 3, 3, 3, 3, 3, 0, 0, 3, 3]"
note_0350_08,case_0350,terse_resident_signout,internal_medicine,0.6071428571428571,0.6428571428571429,medium,medium,"[3, 3, 1, 3, 3, 1, 1, 1, 3, 3, 1, 0, 3, 3, 2, 3, 3, 3, 0, 0, 1, 3]","[3, 3, 1, 1, 3, 1, 1, 3, 3, 3, 1, 0, 3, 3, 3, 3, 3, 3, 0, 0, 1, 3]"
note_0350_09,case_0350,nursing_shift_note,internal_medicine,0.9107142857142857,0.9642857142857143,high,high,"[3, 3, 3, 3, 3, 2, 2, 3, 3, 3, 2, 0, 3, 3, 3, 3, 3, 3, 0, 0, 3, 3]","[3, 3, 3, 1, 3, 3, 3, 3, 3, 3, 3, 0, 3, 3, 3, 3, 3, 3, 0, 0, 3, 3]"
note_0350_10,case_0350,abbreviation_heavy,internal_medicine,0.8392857142857143,0.75,medium,medium,"[3, 3, 3, 3, 3, 2, 2, 3, 3, 3, 2, 0, 3, 3, 2, 3, 3, 3, 0, 0, 2, 3]","[3, 3, 3, 3, 3, 1, 1, 3, 3, 3, 1, 0, 3, 2, 3, 3, 3, 3, 0, 3, 1, 3]"
note_0372_01,case_0372,structured_sbar,neurology,1.0,1.0,high,high,"[3, 3, 3, 3, 3, 3, 3, 3, 3, 3, 3, 3, 3, 3, 3, 3, 3, 0, 0, 0, 3, 3]","[3, 3, 3, 3, 3, 3, 3, 3, 3, 3, 3, 3, 3, 3, 3, 3, 3, 3, 0, 3, 3, 3]"
note_0372_02,case_0372,terse_resident_signout,neurology,0.9629629629629629,0.7586206896551724,high,medium,"[3, 3, 3, 3, 3, 3, 3, 3, 3, 3, 1, 3, 3, 3, 3, 3, 3, 0, 0, 0, 3, 3]","[3, 3, 3, 1, 3, 3, 1, 3, 3, 3, 3, 3, 3, 3, 3, 3, 3, 1, 0, 0, 1, 3]"
note_0372_03,case_0372,nursing_shift_note,neurology,0.6481481481481481,0.43548387096774194,medium,low,"[3, 2, 1, 1, 3, 1, 3, 3, 3, 3, 1, 3, 3, 3, 3, 2, 3, 0, 0, 0, 1, 3]","[3, 2, 1, 1, 3, 1, 1, 1, 3, 3, 1, 3, 3, 3, 3, 1, 3, 1, 0, 1, 1, 3]"
note_0372_04,case_0372,abbreviation_heavy,neurology,0.7777777777777778,0.6379310344827587,medium,medium,"[3, 2, 3, 3, 3, 1, 3, 3, 3, 3, 1, 3, 3, 2, 3, 3, 3, 0, 0, 0, 1, 3]","[3, 2, 3, 1, 3, 1, 1, 3, 3, 3, 1, 3, 3, 3, 3, 3, 3, 1, 0, 0, 1, 3]"
note_0372_05,case_0372,verbose_unfocused,neurology,0.52,0.3225806451612903,medium,low,"[3, 2, 1, 1, 3, 2, 2, 3, 2, 2, 1, 1, 0, 2, 2, 2, 3, 0, 0, 0, 2, 3]","[2, 2, 1, 1, 2, 1, 1, 1, 2, 2, 2, 2, 2, 2, 2, 2, 2, 1, 0, 2, 1, 3]"
note_0372_06,case_0372,messy_free_text,neurology,0.9444444444444444,0.6612903225806451,high,medium,"[3, 2, 3, 3, 3, 3, 3, 3, 3, 3, 1, 3, 3, 3, 3, 3, 3, 0, 0, 0, 3, 3]","[3, 2, 3, 1, 3, 1, 1, 3, 3, 3, 1, 3, 3, 3, 3, 3, 3, 1, 0, 3, 1, 3]"
note_0372_07,case_0372,structured_sbar,neurology,0.8703703703703703,0.8620689655172413,high,high,"[3, 2, 3, 3, 3, 2, 3, 3, 3, 3, 1, 3, 3, 3, 3, 3, 3, 0, 0, 0, 2, 3]","[3, 3, 3, 1, 3, 3, 2, 3, 3, 3, 3, 3, 3, 3, 3, 3, 3, 0, 0, 3, 1, 3]"
note_0372_08,case_0372,terse_resident_signout,neurology,0.7962962962962963,0.6379310344827587,medium,medium,"[3, 2, 3, 3, 3, 1, 3, 3, 3, 3, 1, 3, 3, 3, 3, 3, 3, 0, 0, 0, 1, 3]","[3, 2, 3, 1, 3, 1, 1, 3, 3, 3, 1, 3, 3, 3, 3, 3, 3, 1, 0, 0, 1, 3]"
note_0372_10,case_0372,abbreviation_heavy,neurology,0.9444444444444444,0.6612903225806451,high,medium,"[3, 2, 3, 3, 3, 3, 3, 3, 3, 3, 1, 3, 3, 3, 3, 3, 3, 0, 0, 0, 3, 3]","[3, 2, 3, 1, 3, 1, 1, 3, 3, 3, 1, 3, 3, 3, 3, 3, 3, 1, 0, 3, 1, 3]"
note_0379_01,case_0379,structured_sbar,surgery,1.0,0.9375,high,high,"[3, 3, 3, 3, 3, 3, 3, 3, 3, 3, 3, 3, 3, 3, 3, 3, 3, 3, 3, 3, 3, 3]","[3, 3, 3, 3, 3, 3, 3, 3, 3, 3, 3, 3, 3, 3, 3, 3, 3, 1, 3, 3, 3, 3]"
note_0379_02,case_0379,terse_resident_signout,surgery,0.796875,0.6875,medium,medium,"[3, 3, 1, 3, 3, 3, 3, 3, 3, 3, 3, 3, 3, 3, 3, 3, 2, 1, 3, 3, 1, 3]","[3, 3, 1, 1, 3, 3, 1, 3, 3, 3, 3, 3, 3, 3, 3, 3, 1, 1, 3, 3, 1, 3]"
note_0379_03,case_0379,nursing_shift_note,surgery,0.53125,0.453125,medium,low,"[3, 2, 1, 3, 3, 1, 1, 2, 3, 3, 1, 3, 3, 3, 3, 2, 1, 1, 3, 2, 1, 3]","[3, 2, 1, 1, 3, 1, 1, 1, 3, 3, 1, 3, 3, 3, 3, 1, 1, 1, 3, 2, 1, 3]"
note_0379_04,case_0379,abbreviation_heavy,surgery,0.4375,0.453125,low,low,"[3, 2, 1, 1, 3, 1, 1, 2, 3, 3, 1, 3, 3, 2, 3, 1, 1, 1, 2, 2, 1, 3]","[3, 2, 1, 1, 3, 1, 1, 1, 3, 3, 1, 3, 3, 3, 3, 1, 1, 1, 3, 2, 1, 3]"
note_0379_05,case_0379,verbose_unfocused,surgery,0.234375,0.3125,low,low,"[2, 2, 1, 1, 2, 1, 1, 1, 2, 2, 1, 2, 2, 2, 2, 1, 1, 1, 1, 2, 1, 2]","[2, 2, 1, 1, 2, 1, 1, 1, 2, 2, 1, 2, 2, 2, 2, 2, 2, 1, 2, 2, 1, 3]"
note_0379_06,case_0379,messy_free_text,surgery,0.46875,0.453125,low,low,"[3, 2, 1, 1, 3, 1, 1, 2, 3, 3, 1, 3, 3, 2, 3, 2, 1, 1, 2, 2, 1, 3]","[3, 2, 1, 1, 3, 1, 1, 1, 3, 3, 1, 3, 3, 3, 3, 1, 1, 1, 3, 2, 1, 3]"
note_0379_07,case_0379,structured_sbar,surgery,0.65625,0.625,medium,medium,"[3, 3, 1, 1, 3, 2, 2, 2, 3, 3, 3, 3, 3, 3, 3, 2, 1, 1, 2, 3, 2, 3]","[3, 3, 1, 1, 3, 1, 2, 1, 3, 3, 3, 3, 3, 3, 3, 2, 3, 1, 3, 3, 1, 3]"
note_0379_08,case_0379,terse_resident_signout,surgery,0.5,0.453125,medium,low,"[3, 2, 1, 1, 3, 1, 1, 2, 3, 3, 1, 3, 3, 3, 3, 2, 1, 1, 3, 2, 1, 3]","[3, 2, 1, 1, 3, 1, 1, 1, 3, 3, 1, 3, 3, 3, 3, 1, 1, 1, 3, 2, 1, 3]"
note_0379_09,case_0379,nursing_shift_note,surgery,0.703125,0.75,medium,medium,"[3, 3, 3, 1, 3, 2, 2, 2, 3, 3, 3, 3, 3, 3, 3, 2, 1, 1, 1, 2, 3, 3]","[3, 3, 3, 1, 3, 3, 1, 3, 3, 3, 3, 3, 3, 3, 3, 3, 1, 1, 3, 3, 1, 3]"
note_0379_10,case_0379,abbreviation_heavy,surgery,0.46875,0.453125,low,low,"[3, 2, 1, 1, 3, 1, 1, 2, 3, 3, 1, 3, 3, 2, 3, 2, 1, 1, 2, 2, 1, 3]","[3, 2, 1, 1, 3, 1, 1, 1, 3, 3, 1, 3, 3, 3, 3, 1, 1, 1, 3, 2, 1, 3]"
note_0384_01,case_0384,structured_sbar,internal_medicine,1.0,1.0,high,high,"[3, 3, 3, 3, 3, 3, 3, 3, 3, 3, 3, 3, 3, 3, 3, 3, 3, 3, 3, 3, 3, 3]","[3, 3, 3, 3, 3, 3, 3, 3, 3, 3, 3, 3, 3, 3, 3, 3, 3, 3, 3, 3, 3, 3]"
note_0384_02,case_0384,terse_resident_signout,internal_medicine,0.796875,0.953125,medium,high,"[3, 3, 3, 1, 3, 3, 1, 3, 3, 3, 3, 3, 3, 2, 3, 1, 3, 3, 1, 3, 3, 3]","[3, 3, 3, 3, 3, 3, 3, 3, 3, 3, 3, 3, 3, 2, 3, 3, 3, 3, 1, 3, 3, 3]"
note_0384_03,case_0384,nursing_shift_note,internal_medicine,0.46875,0.4375,low,low,"[3, 1, 1, 1, 3, 1, 1, 1, 2, 2, 1, 3, 3, 1, 3, 1, 3, 3, 1, 3, 1, 3]","[3, 2, 1, 1, 1, 1, 1, 1, 3, 3, 1, 3, 3, 2, 3, 1, 3, 3, 1, 2, 1, 3]"
note_0384_04,case_0384,abbreviation_heavy,internal_medicine,0.546875,0.6875,medium,medium,"[3, 1, 3, 1, 3, 1, 1, 3, 2, 1, 1, 3, 3, 1, 3, 1, 3, 3, 1, 3, 1, 3]","[3, 2, 3, 1, 3, 1, 1, 3, 3, 3, 1, 3, 3, 2, 3, 3, 3, 3, 1, 3, 1, 3]"
note_0384_05,case_0384,verbose_unfocused,internal_medicine,0.28125,0.25806451612903225,low,low,"[2, 2, 1, 1, 2, 1, 1, 1, 2, 2, 1, 2, 2, 2, 2, 1, 2, 2, 1, 2, 1, 2]","[2, 2, 1, 1, 1, 1, 1, 1, 2, 2, 1, 0, 2, 2, 2, 1, 2, 2, 1, 2, 1, 3]"
note_0384_06,case_0384,messy_free_text,internal_medicine,0.59375,0.6875,medium,medium,"[3, 1, 3, 1, 3, 1, 1, 3, 3, 3, 1, 3, 3, 1, 3, 1, 3, 3, 1, 3, 1, 3]","[3, 2, 3, 1, 3, 1, 1, 3, 3, 3, 1, 3, 3, 2, 3, 3, 3, 3, 1, 3, 1, 3]"
note_0384_07,case_0384,structured_sbar,internal_medicine,0.703125,0.875,medium,high,"[3, 2, 3, 1, 3, 2, 1, 3, 3, 3, 2, 3, 3, 2, 3, 1, 3, 3, 1, 3, 2, 3]","[3, 3, 3, 1, 3, 3, 2, 3, 3, 3, 3, 3, 3, 3, 3, 3, 3, 3, 1, 3, 2, 3]"
note_0384_08,case_0384,terse_resident_signout,internal_medicine,0.46875,0.4375,low,low,"[3, 1, 1, 1, 3, 1, 1, 1, 2, 2, 1, 3, 3, 1, 3, 1, 3, 3, 1, 3, 1, 3]","[3, 2, 1, 1, 1, 1, 1, 1, 3, 3, 1, 3, 3, 2, 3, 1, 3, 3, 1, 2, 1, 3]"
note_0384_09,case_0384,nursing_shift_note,internal_medicine,0.59375,0.6875,medium,medium,"[3, 1, 3, 1, 3, 1, 1, 3, 3, 3, 1, 3, 3, 1, 3, 1, 3, 3, 1, 3, 1, 3]","[3, 2, 3, 1, 3, 1, 1, 3, 3, 3, 1, 3, 3, 2, 3, 3, 3, 3, 1, 3, 1, 3]"
note_0384_10,case_0384,abbreviation_heavy,internal_medicine,0.59375,0.890625,medium,high,"[3, 1, 3, 1, 3, 1, 1, 3, 3, 3, 1, 3, 3, 1, 3, 1, 3, 3, 1, 3, 1, 3]","[3, 3, 3, 3, 3, 3, 1, 3, 3, 3, 3, 3, 3, 2, 3, 3, 3, 3, 1, 3, 3, 3]"
note_0388_01,case_0388,structured_sbar,cardiology,1.0,1.0,high,high,"[3, 3, 3, 3, 3, 3, 3, 3, 3, 3, 3, 0, 3, 3, 3, 3, 3, 3, 0, 3, 3, 3]","[3, 3, 3, 3, 3, 3, 3, 3, 3, 3, 3, 3, 3, 3, 3, 3, 3, 3, 0, 0, 3, 3]"
note_0388_02,case_0388,terse_resident_signout,cardiology,0.6166666666666667,0.8571428571428571,medium,high,"[3, 3, 3, 1, 3, 1, 3, 2, 3, 3, 3, 0, 3, 3, 3, 2, 1, 1, 0, 1, 1, 3]","[3, 3, 3, 1, 3, 3, 3, 3, 3, 3, 3, 0, 3, 3, 3, 3, 1, 1, 0, 0, 3, 3]"
note_0388_03,case_0388,nursing_shift_note,cardiology,0.4166666666666667,0.4032258064516129,low,low,"[3, 2, 1, 1, 3, 2, 1, 1, 3, 2, 3, 0, 3, 2, 2, 2, 1, 1, 0, 1, 1, 3]","[3, 2, 1, 1, 3, 1, 1, 1, 3, 3, 1, 3, 3, 3, 3, 1, 1, 1, 0, 1, 1, 3]"
note_0388_04,case_0388,abbreviation_heavy,cardiology,0.5333333333333333,0.7068965517241379,medium,medium,"[3, 2, 3, 1, 3, 1, 1, 3, 3, 3, 1, 0, 3, 2, 3, 3, 1, 1, 0, 1, 1, 3]","[3, 2, 3, 1, 3, 1, 3, 3, 3, 3, 1, 3, 3, 3, 3, 3, 3, 1, 0, 0, 1, 3]"
note_0388_05,case_0388,verbose_unfocused,cardiology,0.16666666666666666,0.25806451612903225,low,low,"[2, 2, 1, 1, 2, 1, 1, 1, 2, 2, 2, 0, 2, 1, 1, 1, 1, 1, 0, 1, 1, 2]","[2, 2, 1, 1, 2, 1, 1, 1, 2, 2, 1, 2, 2, 2, 2, 1, 2, 1, 0, 2, 1, 2]"
note_0388_06,case_0388,messy_free_text,cardiology,0.5333333333333333,0.6333333333333333,medium,medium,"[3, 2, 3, 1, 3, 1, 1, 3, 3, 3, 1, 0, 3, 2, 3, 3, 1, 1, 0, 1, 1, 3]","[3, 3, 3, 1, 3, 1, 3, 3, 3, 3, 1, 0, 3, 3, 3, 3, 1, 1, 0, 1, 1, 3]"
note_0388_07,case_0388,structured_sbar,cardiology,0.65,0.7857142857142857,medium,medium,"[3, 3, 3, 1, 3, 2, 1, 1, 3, 3, 3, 0, 3, 2, 3, 2, 1, 1, 0, 3, 2, 3]","[3, 3, 3, 1, 3, 1, 3, 3, 3, 3, 3, 0, 3, 3, 3, 3, 1, 1, 0, 0, 3, 3]"
note_0388_08,case_0388,terse_resident_signout,cardiology,0.4666666666666667,0.6935483870967742,low,medium,"[3, 2, 3, 1, 3, 1, 1, 1, 3, 3, 1, 0, 3, 2, 3, 2, 1, 1, 0, 1, 1, 3]","[3, 2, 3, 1, 3, 3, 3, 3, 3, 3, 1, 3, 3, 3, 3, 3, 1, 1, 0, 1, 1, 3]"
note_0388_09,case_0388,nursing_shift_note,cardiology,0.5,0.8571428571428571,medium,high,"[3, 2, 3, 1, 3, 1, 1, 1, 3, 3, 1, 0, 3, 2, 3, 2, 1, 1, 0, 1, 2, 3]","[3, 3, 3, 1, 3, 3, 3, 3, 3, 3, 3, 0, 3, 3, 3, 3, 1, 1, 0, 0, 3, 3]"
note_0388_10,case_0388,abbreviation_heavy,cardiology,0.5333333333333333,0.8392857142857143,medium,medium,"[3, 2, 3, 1, 3, 1, 1, 3, 3, 3, 1, 0, 3, 2, 3, 3, 1, 1, 0, 1, 1, 3]","[3, 2, 3, 1, 3, 3, 3, 3, 3, 3, 3, 0, 3, 3, 3, 3, 1, 1, 0, 0, 3, 3]"
note_0393_01,case_0393,structured_sbar,orthopedics,0.7333333333333333,1.0,medium,high,"[3, 3, 3, 3, 3, 3, 1, 3, 3, 3, 3, 3, 0, 3, 3, 3, 3, 1, 3, 1, 1, 3]","[3, 3, 3, 3, 3, 3, 3, 3, 3, 3, 3, 3, 0, 3, 3, 3, 3, 3, 3, 3, 3, 3]"
note_0393_02,case_0393,terse_resident_signout,orthopedics,0.6166666666666667,0.5535714285714286,medium,medium,"[3, 3, 3, 1, 3, 3, 1, 1, 3, 3, 1, 3, 0, 3, 3, 3, 3, 1, 2, 1, 1, 3]","[3, 2, 3, 1, 3, 1, 1, 1, 3, 3, 1, 3, 0, 3, 0, 3, 3, 1, 3, 2, 1, 3]"
note_0393_03,case_0393,nursing_shift_note,orthopedics,0.43333333333333335,0.48333333333333334,low,low,"[3, 2, 1, 1, 3, 1, 1, 1, 3, 3, 1, 3, 0, 2, 3, 2, 3, 1, 3, 1, 1, 3]","[3, 2, 1, 1, 3, 1, 1, 1, 3, 3, 1, 3, 3, 3, 0, 2, 3, 1, 3, 2, 1, 3]"
note_0393_04,case_0393,abbreviation_heavy,orthopedics,0.5,0.5178571428571429,medium,medium,"[3, 1, 3, 1, 3, 1, 1, 1, 3, 3, 1, 3, 0, 2, 3, 3, 3, 1, 2, 1, 1, 3]","[3, 2, 3, 1, 3, 1, 1, 1, 3, 3, 1, 3, 0, 3, 0, 3, 3, 1, 3, 1, 1, 3]"
note_0393_05,case_0393,verbose_unfocused,orthopedics,0.36666666666666664,0.31666666666666665,low,low,"[3, 2, 1, 1, 3, 2, 1, 1, 2, 2, 1, 3, 0, 2, 2, 2, 2, 1, 2, 1, 1, 3]","[3, 2, 1, 1, 2, 1, 1, 1, 2, 2, 1, 2, 0, 2, 2, 2, 2, 1, 2, 2, 1, 3]"
note_0393_06,case_0393,messy_free_text,orthopedics,0.5,0.5178571428571429,medium,medium,"[3, 1, 3, 1, 3, 1, 1, 1, 3, 3, 1, 3, 0, 2, 3, 3, 3, 1, 2, 1, 1, 3]","[3, 2, 3, 1, 3, 1, 1, 1, 3, 3, 1, 3, 0, 3, 0, 3, 3, 1, 3, 1, 1, 3]"
note_0393_07,case_0393,structured_sbar,orthopedics,0.65,0.9,medium,high,"[3, 3, 3, 1, 3, 3, 1, 1, 3, 3, 3, 3, 0, 3, 3, 3, 3, 1, 2, 1, 1, 3]","[3, 3, 3, 1, 3, 3, 3, 3, 3, 3, 3, 3, 0, 3, 3, 3, 3, 3, 3, 3, 1, 3]"
note_0393_08,case_0393,terse_resident_signout,orthopedics,0.5333333333333333,0.5535714285714286,medium,medium,"[3, 2, 3, 1, 3, 1, 1, 1, 3, 3, 1, 3, 0, 3, 3, 3, 3, 1, 2, 1, 1, 3]","[3, 2, 3, 1, 3, 1, 1, 1, 3, 3, 1, 3, 0, 3, 0, 3, 3, 1, 3, 2, 1, 3]"
note_0393_09,case_0393,nursing_shift_note,orthopedics,0.6,0.5535714285714286,medium,medium,"[3, 2, 3, 1, 3, 3, 1, 1, 3, 3, 1, 3, 0, 3, 3, 3, 3, 1, 2, 1, 1, 3]","[3, 2, 3, 1, 3, 1, 1, 1, 3, 3, 1, 3, 0, 3, 0, 3, 3, 1, 3, 2, 1, 3]"
note_0393_10,case_0393,abbreviation_heavy,orthopedics,0.5,0.5178571428571429,medium,medium,"[3, 1, 3, 1, 3, 1, 1, 1, 3, 3, 1, 3, 0, 2, 3, 3, 3, 1, 2, 1, 1, 3]","[3, 2, 3, 1, 3, 1, 1, 1, 3, 3, 1, 3, 0, 3, 0, 3, 3, 1, 3, 1, 1, 3]"
note_0399_01,case_0399,structured_sbar,pediatrics,0.94,1.0,high,high,"[3, 3, 3, 3, 3, 3, 3, 3, 3, 3, 2, 0, 3, 3, 3, 0, 0, 0, 0, 3, 2, 3]","[3, 3, 3, 3, 0, 0, 0, 3, 3, 3, 3, 0, 3, 3, 3, 0, 0, 0, 0, 3, 3, 3]"
note_0399_02,case_0399,terse_resident_signout,pediatrics,0.7608695652173914,0.6666666666666666,medium,medium,"[3, 3, 3, 3, 3, 3, 0, 3, 3, 3, 1, 0, 3, 2, 2, 0, 0, 0, 0, 2, 1, 3]","[3, 3, 3, 1, 3, 0, 1, 3, 3, 3, 1, 0, 3, 3, 3, 0, 1, 0, 0, 2, 1, 3]"
note_0399_03,case_0399,nursing_shift_note,pediatrics,0.5869565217391305,0.5,medium,medium,"[3, 2, 1, 1, 3, 3, 0, 2, 3, 3, 1, 0, 3, 2, 2, 0, 0, 0, 0, 2, 1, 3]","[3, 2, 1, 1, 0, 0, 1, 3, 3, 3, 1, 0, 3, 2, 3, 0, 1, 0, 0, 2, 1, 3]"
note_0399_04,case_0399,abbreviation_heavy,pediatrics,0.6346153846153846,0.6739130434782609,medium,medium,"[3, 3, 3, 3, 3, 1, 1, 3, 3, 3, 1, 0, 3, 2, 3, 0, 0, 0, 1, 2, 1, 3]","[3, 3, 3, 3, 0, 1, 1, 3, 3, 3, 1, 0, 3, 2, 3, 0, 0, 0, 0, 3, 1, 3]"
note_0399_05,case_0399,verbose_unfocused,pediatrics,0.36538461538461536,0.23333333333333334,low,low,"[3, 2, 1, 1, 3, 1, 1, 2, 2, 2, 1, 0, 2, 2, 2, 0, 0, 0, 1, 2, 1, 3]","[2, 2, 1, 1, 1, 1, 1, 2, 2, 2, 1, 0, 2, 2, 2, 1, 1, 1, 0, 2, 1, 3]"
note_0399_06,case_0399,messy_free_text,pediatrics,0.7708333333333334,0.5869565217391305,medium,medium,"[3, 3, 3, 3, 3, 3, 0, 3, 3, 3, 1, 0, 3, 2, 3, 0, 0, 0, 1, 2, 1, 3]","[3, 3, 3, 3, 0, 1, 1, 3, 3, 3, 1, 0, 3, 2, 3, 0, 0, 0, 0, 1, 1, 3]"
note_0399_07,case_0399,structured_sbar,pediatrics,0.94,0.9473684210526315,high,high,"[3, 3, 3, 3, 3, 3, 3, 3, 3, 3, 2, 0, 3, 3, 3, 0, 0, 0, 0, 3, 2, 3]","[3, 3, 3, 3, 0, 0, 0, 3, 3, 3, 3, 0, 3, 3, 3, 0, 0, 0, 0, 3, 2, 3]"
note_0399_08,case_0399,terse_resident_signout,pediatrics,0.6458333333333334,0.5714285714285714,medium,medium,"[3, 3, 1, 3, 3, 3, 0, 3, 3, 3, 1, 0, 3, 2, 2, 0, 0, 0, 1, 2, 1, 3]","[3, 2, 1, 3, 0, 0, 1, 3, 3, 3, 1, 0, 3, 2, 3, 0, 0, 0, 0, 2, 1, 3]"
note_0399_09,case_0399,nursing_shift_note,pediatrics,0.8958333333333334,0.9047619047619048,high,high,"[3, 3, 3, 3, 3, 3, 0, 3, 3, 3, 2, 0, 3, 3, 3, 0, 0, 0, 1, 3, 2, 3]","[3, 3, 3, 3, 3, 0, 0, 3, 3, 3, 3, 0, 3, 3, 3, 0, 0, 0, 0, 3, 1, 3]"
note_0399_10,case_0399,abbreviation_heavy,pediatrics,0.7708333333333334,0.7380952380952381,medium,medium,"[3, 3, 3, 3, 3, 3, 0, 3, 3, 3, 1, 0, 3, 2, 3, 0, 0, 0, 1, 2, 1, 3]","[3, 3, 3, 3, 0, 0, 1, 3, 3, 3, 1, 0, 3, 2, 3, 0, 0, 0, 0, 3, 1, 3]"
note_0405_01,case_0405,structured_sbar,surgery,0.9375,1.0,high,high,"[3, 3, 3, 3, 3, 3, 2, 3, 3, 3, 3, 3, 3, 3, 3, 3, 3, 3, 1, 3, 3, 3]","[3, 3, 3, 3, 3, 3, 3, 3, 3, 3, 3, 3, 3, 3, 3, 3, 3, 3, 3, 3, 3, 3]"
note_0405_02,case_0405,terse_resident_signout,surgery,0.828125,0.796875,medium,medium,"[3, 3, 3, 1, 3, 3, 2, 3, 3, 3, 3, 3, 3, 2, 3, 3, 3, 1, 1, 3, 3, 3]","[3, 3, 3, 1, 3, 3, 1, 3, 3, 3, 1, 3, 3, 2, 3, 3, 3, 1, 3, 3, 3, 3]"
note_0405_03,case_0405,nursing_shift_note,surgery,0.484375,0.46875,low,low,"[2, 2, 1, 1, 3, 1, 1, 1, 3, 3, 1, 3, 3, 2, 3, 1, 3, 1, 3, 3, 1, 3]","[3, 2, 1, 1, 3, 1, 1, 1, 3, 3, 1, 3, 3, 2, 3, 1, 3, 1, 3, 2, 1, 3]"
note_0405_04,case_0405,abbreviation_heavy,surgery,0.6875,0.640625,medium,medium,"[3, 1, 3, 1, 3, 3, 1, 1, 3, 3, 1, 3, 3, 1, 3, 3, 3, 1, 1, 3, 3, 3]","[3, 3, 3, 1, 3, 1, 1, 3, 3, 3, 1, 3, 3, 2, 3, 3, 3, 1, 1, 3, 1, 3]"
note_0405_05,case_0405,verbose_unfocused,surgery,0.625,0.421875,medium,low,"[2, 2, 3, 1, 3, 2, 2, 1, 3, 3, 2, 1, 3, 2, 3, 1, 3, 1, 3, 3, 2, 3]","[3, 2, 3, 1, 2, 1, 1, 1, 2, 2, 1, 3, 3, 2, 2, 2, 1, 1, 2, 2, 1, 3]"
note_0405_06,case_0405,messy_free_text,surgery,0.78125,0.734375,medium,medium,"[3, 2, 3, 1, 3, 3, 2, 1, 3, 3, 1, 3, 3, 2, 3, 3, 3, 1, 3, 3, 3, 3]","[3, 3, 3, 1, 3, 3, 1, 3, 3, 3, 1, 3, 3, 2, 3, 3, 3, 1, 3, 3, 1, 3]"
note_0405_07,case_0405,structured_sbar,surgery,0.828125,1.0,medium,high,"[3, 3, 3, 1, 3, 3, 2, 1, 3, 3, 3, 3, 3, 2, 3, 3, 3, 1, 3, 3, 3, 3]","[3, 3, 3, 3, 3, 3, 3, 3, 3, 3, 3, 3, 3, 3, 3, 3, 3, 3, 3, 3, 3, 3]"
note_0405_08,case_0405,terse_resident_signout,surgery,0.65625,0.59375,medium,medium,"[3, 2, 1, 1, 3, 3, 2, 1, 3, 3, 1, 3, 3, 2, 3, 3, 3, 1, 3, 3, 1, 3]","[3, 3, 1, 1, 3, 1, 1, 1, 3, 3, 1, 3, 3, 3, 3, 3, 3, 1, 3, 3, 1, 3]"
note_0405_09,case_0405,nursing_shift_note,surgery,0.6875,0.703125,medium,medium,"[3, 2, 3, 1, 3, 2, 1, 1, 3, 3, 1, 3, 3, 2, 3, 3, 3, 1, 1, 3, 3, 3]","[3, 3, 3, 1, 3, 1, 1, 3, 3, 3, 1, 3, 3, 2, 3, 3, 3, 1, 1, 3, 3, 3]"
note_0405_10,case_0405,abbreviation_heavy,surgery,0.75,0.671875,medium,medium,"[3, 2, 3, 1, 3, 3, 2, 1, 3, 3, 1, 3, 3, 2, 3, 3, 3, 1, 1, 3, 3, 3]","[3, 3, 3, 1, 3, 1, 1, 3, 3, 3, 1, 3, 3, 2, 3, 3, 3, 1, 3, 3, 1, 3]"
note_0406_01,case_0406,structured_sbar,neurology,1.0,1.0,high,high,"[3, 3, 3, 3, 3, 3, 3, 3, 3, 3, 3, 3, 3, 3, 3, 3, 3, 3, 0, 3, 3, 3]","[3, 3, 3, 3, 3, 3, 3, 3, 3, 3, 3, 3, 3, 3, 3, 3, 3, 3, 0, 3, 3, 3]"
note_0406_02,case_0406,terse_resident_signout,neurology,0.7258064516129032,0.4838709677419355,medium,low,"[3, 3, 3, 1, 3, 3, 2, 2, 3, 3, 3, 3, 3, 3, 3, 2, 1, 1, 0, 1, 3, 3]","[3, 3, 1, 1, 3, 1, 1, 3, 3, 3, 3, 3, 3, 3, 3, 1, 1, 1, 0, 1, 1, 3]"
note_0406_03,case_0406,nursing_shift_note,neurology,0.532258064516129,0.4032258064516129,medium,low,"[3, 2, 1, 1, 3, 2, 1, 1, 3, 3, 3, 3, 3, 3, 3, 2, 1, 1, 0, 2, 1, 3]","[3, 2, 1, 1, 3, 1, 1, 1, 3, 3, 1, 3, 3, 3, 3, 1, 1, 1, 0, 1, 1, 3]"
note_0406_04,case_0406,abbreviation_heavy,neurology,0.3709677419354839,0.5967741935483871,low,medium,"[3, 2, 1, 1, 3, 1, 1, 1, 3, 3, 1, 3, 2, 3, 3, 1, 1, 1, 0, 1, 1, 3]","[3, 2, 3, 1, 3, 1, 1, 3, 3, 3, 1, 3, 3, 3, 3, 3, 3, 1, 0, 1, 1, 3]"
note_0406_05,case_0406,verbose_unfocused,neurology,0.3548387096774194,0.3125,low,low,"[3, 2, 1, 1, 2, 2, 1, 1, 2, 2, 2, 3, 2, 2, 2, 2, 2, 1, 0, 1, 1, 3]","[2, 2, 1, 1, 2, 1, 1, 1, 2, 2, 2, 2, 2, 2, 2, 2, 2, 1, 1, 2, 1, 3]"
note_0406_06,case_0406,messy_free_text,neurology,0.6290322580645161,0.5967741935483871,medium,medium,"[3, 2, 3, 1, 3, 2, 2, 3, 3, 3, 1, 3, 3, 3, 3, 2, 3, 1, 0, 1, 1, 3]","[3, 2, 3, 1, 3, 1, 1, 3, 3, 3, 1, 3, 3, 3, 3, 3, 3, 1, 0, 1, 1, 3]"
note_0406_07,case_0406,structured_sbar,neurology,0.8387096774193549,0.9032258064516129,medium,high,"[3, 3, 1, 3, 3, 3, 2, 3, 3, 3, 3, 3, 3, 3, 3, 3, 3, 1, 0, 3, 3, 3]","[3, 3, 3, 1, 3, 3, 3, 3, 3, 3, 3, 3, 3, 3, 3, 3, 3, 1, 0, 3, 3, 3]"
note_0406_08,case_0406,terse_resident_signout,neurology,0.46774193548387094,0.4032258064516129,low,low,"[3, 2, 1, 1, 3, 2, 1, 1, 3, 3, 1, 3, 2, 3, 3, 2, 1, 1, 0, 2, 1, 3]","[3, 2, 1, 1, 3, 1, 1, 1, 3, 3, 1, 3, 3, 3, 3, 1, 1, 1, 0, 1, 1, 3]"
note_0406_09,case_0406,nursing_shift_note,neurology,0.5967741935483871,0.532258064516129,medium,medium,"[3, 2, 1, 1, 3, 3, 1, 1, 3, 3, 3, 3, 3, 3, 3, 2, 3, 1, 0, 2, 1, 3]","[3, 2, 1, 1, 3, 1, 1, 3, 3, 3, 3, 3, 3, 3, 3, 3, 1, 1, 0, 1, 1, 3]"
note_0406_10,case_0406,abbreviation_heavy,neurology,0.6612903225806451,0.5967741935483871,medium,medium,"[3, 2, 3, 1, 3, 2, 2, 3, 3, 3, 1, 3, 3, 3, 3, 2, 3, 1, 0, 2, 1, 3]","[3, 2, 3, 1, 3, 1, 1, 3, 3, 3, 1, 3, 3, 3, 3, 3, 3, 1, 0, 1, 1, 3]"
note_0410_01,case_0410,structured_sbar,internal_medicine,0.9642857142857143,1.0,high,high,"[3, 3, 3, 3, 3, 0, 0, 3, 3, 3, 3, 3, 3, 3, 3, 3, 3, 3, 1, 3, 3, 3]","[3, 3, 3, 3, 3, 3, 3, 3, 3, 3, 3, 3, 3, 3, 3, 3, 3, 3, 0, 3, 3, 3]"
note_0410_02,case_0410,terse_resident_signout,internal_medicine,0.8214285714285714,0.78125,medium,medium,"[3, 3, 3, 3, 3, 0, 0, 3, 3, 3, 1, 3, 3, 3, 3, 3, 1, 1, 1, 3, 3, 3]","[3, 3, 3, 1, 3, 3, 1, 3, 3, 3, 3, 3, 3, 3, 3, 3, 1, 1, 1, 3, 3, 3]"
note_0410_03,case_0410,nursing_shift_note,internal_medicine,0.4107142857142857,0.421875,low,low,"[2, 2, 1, 1, 1, 0, 0, 2, 3, 3, 1, 3, 3, 3, 3, 1, 1, 1, 1, 2, 1, 3]","[3, 2, 1, 1, 3, 1, 1, 1, 3, 3, 1, 3, 3, 3, 3, 1, 1, 1, 1, 2, 1, 3]"
note_0410_04,case_0410,abbreviation_heavy,internal_medicine,0.6166666666666667,0.625,medium,medium,"[3, 2, 3, 1, 3, 0, 1, 3, 3, 3, 1, 3, 3, 3, 3, 1, 1, 3, 1, 3, 1, 1]","[3, 2, 3, 1, 3, 1, 1, 3, 3, 3, 1, 3, 3, 2, 3, 1, 3, 3, 1, 3, 1, 3]"
note_0410_05,case_0410,verbose_unfocused,internal_medicine,0.26666666666666666,0.21666666666666667,low,low,"[2, 2, 1, 1, 1, 0, 1, 2, 2, 2, 1, 3, 2, 2, 1, 1, 1, 1, 1, 2, 2, 3]","[2, 2, 1, 1, 1, 1, 1, 1, 2, 2, 1, 0, 2, 2, 2, 1, 1, 1, 0, 2, 1, 3]"
note_0410_06,case_0410,messy_free_text,internal_medicine,0.6166666666666667,0.6875,medium,medium,"[3, 2, 3, 1, 3, 0, 1, 3, 3, 3, 1, 3, 3, 3, 3, 1, 1, 3, 1, 3, 1, 1]","[3, 2, 3, 1, 3, 1, 1, 3, 3, 3, 1, 3, 3, 2, 3, 3, 3, 3, 1, 3, 1, 3]"
note_0410_07,case_0410,structured_sbar,internal_medicine,0.7857142857142857,0.8,medium,medium,"[3, 3, 1, 1, 1, 0, 0, 3, 3, 3, 3, 3, 3, 3, 3, 3, 3, 3, 1, 3, 3, 3]","[3, 3, 1, 1, 3, 0, 1, 3, 3, 3, 3, 3, 3, 3, 3, 3, 3, 3, 1, 3, 3, 3]"
note_0410_08,case_0410,terse_resident_signout,internal_medicine,0.48214285714285715,0.5,low,medium,"[3, 1, 3, 1, 1, 0, 0, 3, 3, 3, 1, 3, 3, 2, 3, 1, 1, 1, 1, 2, 1, 3]","[3, 2, 3, 1, 3, 1, 1, 1, 3, 3, 1, 3, 3, 2, 3, 1, 1, 1, 1, 3, 1, 3]"
note_0410_09,case_0410,nursing_shift_note,internal_medicine,0.5357142857142857,0.53125,medium,medium,"[3, 1, 3, 1, 1, 0, 0, 3, 3, 3, 1, 3, 3, 3, 3, 1, 1, 1, 1, 2, 3, 1]","[3, 2, 3, 1, 3, 1, 1, 3, 3, 3, 1, 3, 3, 2, 3, 1, 1, 1, 1, 1, 3, 3]"
note_0410_10,case_0410,abbreviation_heavy,internal_medicine,0.65,0.6875,medium,medium,"[3, 2, 3, 1, 3, 0, 1, 3, 3, 3, 1, 3, 3, 3, 3, 1, 1, 3, 1, 3, 1, 3]","[3, 2, 3, 1, 3, 1, 1, 3, 3, 3, 1, 3, 3, 2, 3, 3, 3, 3, 1, 3, 1, 3]"
note_0413_01,case_0413,structured_sbar,orthopedics,1.0,1.0,high,high,"[3, 3, 3, 3, 3, 3, 0, 3, 3, 3, 3, 3, 0, 3, 0, 3, 3, 3, 3, 3, 3, 3]","[3, 3, 3, 3, 3, 3, 3, 3, 3, 3, 3, 3, 3, 3, 3, 3, 3, 3, 3, 3, 3, 3]"
note_0413_03,case_0413,nursing_shift_note,orthopedics,0.5384615384615384,0.48333333333333334,medium,low,"[3, 2, 1, 1, 3, 2, 0, 1, 3, 3, 1, 3, 0, 3, 0, 2, 2, 2, 3, 2, 1, 3]","[3, 2, 1, 1, 3, 1, 1, 1, 3, 3, 1, 3, 3, 3, 0, 2, 3, 1, 3, 2, 1, 3]"
note_0413_04,case_0413,abbreviation_heavy,orthopedics,0.6153846153846154,0.5370370370370371,medium,medium,"[3, 3, 1, 1, 3, 1, 0, 3, 3, 3, 3, 3, 0, 3, 0, 3, 1, 1, 3, 3, 1, 3]","[3, 2, 1, 1, 3, 1, 1, 1, 3, 0, 1, 3, 0, 3, 0, 3, 3, 3, 3, 2, 1, 3]"
note_0413_05,case_0413,verbose_unfocused,orthopedics,0.4230769230769231,0.36666666666666664,low,low,"[3, 2, 1, 1, 3, 2, 0, 1, 2, 1, 2, 1, 0, 2, 0, 2, 2, 2, 2, 2, 1, 3]","[3, 2, 1, 1, 2, 1, 1, 1, 2, 2, 2, 2, 0, 2, 2, 2, 2, 2, 2, 2, 1, 3]"
note_0413_06,case_0413,messy_free_text,orthopedics,0.75,0.671875,medium,medium,"[3, 2, 1, 1, 3, 2, 0, 3, 3, 3, 3, 3, 0, 3, 0, 3, 3, 3, 3, 3, 1, 3]","[3, 2, 1, 1, 3, 1, 1, 3, 3, 3, 3, 3, 3, 3, 3, 3, 3, 3, 3, 2, 1, 3]"
note_0413_07,case_0413,structured_sbar,orthopedics,0.8846153846153846,0.8928571428571429,high,high,"[3, 3, 1, 3, 3, 3, 0, 3, 3, 3, 3, 3, 0, 3, 0, 3, 3, 3, 3, 3, 2, 3]","[3, 3, 3, 1, 3, 3, 3, 3, 3, 3, 3, 3, 0, 3, 0, 3, 3, 3, 3, 3, 1, 3]"
note_0413_08,case_0413,terse_resident_signout,orthopedics,0.8076923076923077,0.6964285714285714,medium,medium,"[3, 3, 1, 1, 3, 3, 0, 3, 3, 3, 3, 3, 0, 3, 0, 3, 3, 3, 3, 3, 1, 3]","[3, 2, 1, 1, 3, 3, 1, 3, 3, 3, 3, 3, 0, 3, 0, 3, 3, 3, 3, 2, 1, 3]"
note_0413_09,case_0413,nursing_shift_note,orthopedics,0.8846153846153846,0.7857142857142857,high,medium,"[3, 3, 1, 1, 3, 3, 0, 3, 3, 3, 3, 3, 0, 3, 0, 3, 3, 3, 3, 3, 3, 3]","[3, 3, 3, 1, 3, 3, 1, 3, 3, 3, 3, 3, 0, 3, 0, 3, 3, 3, 3, 2, 1, 3]"
note_0413_10,case_0413,abbreviation_heavy,orthopedics,0.8653846153846154,0.8333333333333334,high,medium,"[3, 2, 3, 3, 3, 2, 0, 3, 3, 3, 3, 3, 0, 3, 0, 3, 3, 3, 3, 3, 1, 3]","[3, 3, 3, 1, 3, 3, 1, 3, 3, 3, 3, 3, 0, 3, 3, 3, 3, 3, 3, 3, 1, 3]"
note_0416_01,case_0416,structured_sbar,internal_medicine,1.0,1.0,high,high,"[3, 3, 3, 3, 3, 3, 3, 3, 3, 3, 3, 3, 3, 3, 3, 3, 3, 3, 3, 3, 3, 3]","[3, 3, 3, 3, 3, 3, 3, 3, 3, 3, 3, 3, 3, 3, 3, 3, 3, 3, 0, 3, 3, 3]"
note_0416_02,case_0416,terse_resident_signout,internal_medicine,0.7419354838709677,0.8928571428571429,medium,high,"[3, 3, 3, 1, 3, 3, 1, 3, 3, 3, 3, 0, 3, 3, 3, 3, 3, 1, 1, 1, 3, 3]","[3, 3, 3, 1, 3, 3, 3, 3, 3, 3, 3, 0, 3, 3, 3, 3, 3, 1, 0, 0, 3, 3]"
note_0416_03,case_0416,nursing_shift_note,internal_medicine,0.359375,0.40625,low,low,"[3, 2, 1, 1, 1, 1, 1, 1, 2, 2, 1, 3, 3, 2, 1, 2, 3, 1, 2, 3, 1, 3]","[3, 2, 1, 1, 1, 1, 1, 1, 3, 3, 1, 3, 3, 2, 3, 1, 3, 1, 3, 2, 1, 3]"
note_0416_04,case_0416,abbreviation_heavy,internal_medicine,0.5483870967741935,0.5666666666666667,medium,medium,"[3, 2, 3, 1, 3, 1, 1, 3, 3, 3, 1, 0, 3, 2, 3, 3, 3, 1, 1, 1, 1, 3]","[3, 2, 3, 1, 3, 1, 1, 3, 3, 3, 1, 0, 3, 2, 3, 3, 3, 1, 0, 1, 1, 3]"
note_0416_05,case_0416,verbose_unfocused,internal_medicine,0.265625,0.25,low,low,"[2, 2, 1, 1, 2, 1, 1, 1, 2, 2, 1, 1, 2, 2, 2, 2, 2, 1, 1, 2, 1, 2]","[2, 2, 1, 1, 2, 1, 1, 1, 2, 2, 1, 0, 2, 2, 2, 1, 2, 1, 0, 2, 1, 2]"
note_0416_06,case_0416,messy_free_text,internal_medicine,0.6774193548387096,0.6451612903225806,medium,medium,"[3, 2, 3, 1, 3, 3, 1, 3, 3, 3, 1, 0, 3, 2, 3, 3, 3, 1, 1, 3, 1, 3]","[3, 2, 3, 1, 3, 1, 3, 3, 3, 3, 1, 3, 3, 2, 3, 3, 3, 1, 0, 1, 1, 3]"
note_0416_07,case_0416,structured_sbar,internal_medicine,0.5,0.75,medium,medium,"[3, 3, 1, 1, 3, 3, 1, 3, 3, 3, 3, 1, 3, 2, 3, 1, 3, 1, 1, 1, 1, 2]","[3, 3, 1, 1, 3, 3, 3, 3, 3, 3, 3, 0, 3, 3, 3, 3, 3, 1, 0, 0, 1, 3]"
note_0416_08,case_0416,terse_resident_signout,internal_medicine,0.328125,0.43548387096774194,low,low,"[3, 2, 1, 1, 3, 1, 1, 3, 2, 2, 1, 3, 3, 1, 1, 1, 3, 1, 1, 1, 1, 3]","[3, 2, 1, 1, 3, 1, 1, 1, 3, 3, 1, 3, 3, 3, 3, 1, 3, 1, 0, 1, 1, 3]"
note_0416_09,case_0416,nursing_shift_note,internal_medicine,0.4838709677419355,0.8928571428571429,low,high,"[3, 2, 3, 1, 3, 1, 1, 3, 2, 2, 3, 0, 3, 2, 1, 1, 3, 1, 1, 1, 3, 3]","[3, 3, 3, 1, 3, 3, 3, 3, 3, 3, 3, 0, 3, 3, 3, 3, 3, 1, 0, 0, 3, 3]"
note_0416_10,case_0416,abbreviation_heavy,internal_medicine,0.6774193548387096,0.6451612903225806,medium,medium,"[3, 2, 3, 1, 3, 3, 1, 3, 3, 3, 1, 0, 3, 2, 3, 3, 3, 1, 1, 3, 1, 3]","[3, 2, 3, 1, 3, 1, 3, 3, 3, 3, 1, 3, 3, 2, 3, 3, 3, 1, 0, 1, 1, 3]"
note_0422_01,case_0422,structured_sbar,neurology,0.9032258064516129,1.0,high,high,"[3, 3, 3, 3, 3, 2, 2, 3, 3, 3, 3, 3, 3, 3, 3, 3, 3, 3, 0, 3, 2, 3]","[3, 3, 3, 3, 3, 3, 3, 3, 3, 3, 3, 3, 3, 3, 3, 3, 3, 3, 0, 3, 3, 3]"
note_0422_02,case_0422,terse_resident_signout,neurology,0.6451612903225806,0.6129032258064516,medium,medium,"[3, 3, 3, 3, 3, 1, 1, 3, 3, 3, 3, 3, 3, 3, 3, 3, 1, 1, 0, 1, 1, 3]","[3, 3, 3, 1, 3, 1, 1, 3, 3, 3, 3, 3, 3, 3, 3, 3, 1, 1, 0, 1, 1, 3]"
note_0422_03,case_0422,nursing_shift_note,neurology,0.43548387096774194,0.4032258064516129,low,low,"[3, 2, 1, 1, 2, 1, 1, 1, 3, 3, 1, 3, 3, 3, 3, 1, 1, 1, 0, 3, 1, 3]","[3, 2, 1, 1, 3, 1, 1, 1, 3, 3, 1, 3, 3, 3, 3, 1, 1, 1, 0, 1, 1, 3]"
note_0422_04,case_0422,abbreviation_heavy,neurology,0.6935483870967742,0.6612903225806451,medium,medium,"[3, 2, 3, 1, 3, 1, 1, 1, 3, 3, 1, 3, 3, 3, 3, 3, 3, 3, 0, 3, 1, 3]","[3, 2, 3, 1, 3, 1, 1, 3, 3, 3, 1, 3, 3, 3, 3, 3, 3, 3, 0, 1, 1, 3]"
note_0422_05,case_0422,verbose_unfocused,neurology,0.3064516129032258,0.234375,low,low,"[3, 2, 1, 1, 2, 1, 1, 2, 2, 2, 2, 3, 3, 3, 1, 1, 1, 1, 0, 1, 1, 3]","[2, 2, 1, 1, 2, 1, 1, 1, 2, 2, 1, 2, 2, 2, 2, 1, 1, 1, 1, 2, 1, 2]"
note_0422_06,case_0422,messy_free_text,neurology,0.6612903225806451,0.6612903225806451,medium,medium,"[3, 2, 3, 3, 3, 1, 1, 1, 3, 3, 1, 3, 3, 3, 3, 3, 3, 1, 0, 3, 1, 3]","[3, 2, 3, 1, 3, 1, 1, 3, 3, 3, 1, 3, 3, 3, 3, 3, 3, 3, 0, 1, 1, 3]"
note_0422_07,case_0422,structured_sbar,neurology,0.9032258064516129,0.9655172413793104,high,high,"[3, 3, 3, 3, 3, 2, 2, 3, 3, 3, 3, 3, 3, 3, 3, 3, 3, 3, 0, 3, 2, 3]","[3, 3, 3, 1, 3, 3, 3, 3, 3, 3, 3, 3, 3, 3, 3, 3, 3, 0, 0, 3, 3, 3]"
note_0422_08,case_0422,terse_resident_signout,neurology,0.3709677419354839,0.43548387096774194,low,low,"[3, 2, 1, 3, 3, 1, 1, 1, 3, 3, 1, 3, 1, 3, 3, 1, 1, 1, 0, 1, 1, 3]","[3, 2, 1, 1, 3, 1, 1, 3, 3, 3, 1, 3, 3, 3, 3, 1, 1, 1, 0, 1, 1, 3]"
note_0422_09,case_0422,nursing_shift_note,neurology,0.5645161290322581,0.532258064516129,medium,medium,"[3, 2, 3, 1, 3, 1, 1, 1, 3, 3, 3, 3, 3, 3, 3, 3, 1, 1, 0, 1, 1, 3]","[3, 2, 3, 1, 3, 1, 1, 3, 3, 3, 3, 3, 3, 3, 3, 1, 1, 1, 0, 1, 1, 3]"
note_0422_10,case_0422,abbreviation_heavy,neurology,0.6290322580645161,0.5967741935483871,medium,medium,"[3, 2, 3, 1, 3, 1, 1, 1, 3, 3, 1, 3, 3, 3, 3, 3, 3, 1, 0, 3, 1, 3]","[3, 2, 3, 1, 3, 1, 1, 3, 3, 3, 1, 3, 3, 3, 3, 3, 3, 1, 0, 1, 1, 3]"
note_0425_01,case_0425,structured_sbar,neurology,0.7666666666666667,1.0,medium,high,"[3, 3, 3, 3, 3, 0, 1, 3, 3, 3, 3, 3, 3, 3, 1, 3, 3, 3, 1, 1, 3, 3]","[3, 3, 3, 3, 3, 3, 3, 3, 3, 3, 3, 3, 3, 3, 3, 3, 3, 3, 0, 3, 3, 3]"
note_0425_02,case_0425,terse_resident_signout,neurology,0.7,0.967741935483871,medium,high,"[3, 3, 3, 3, 3, 0, 1, 3, 3, 3, 3, 3, 3, 3, 1, 3, 3, 3, 1, 1, 1, 3]","[3, 3, 3, 1, 3, 3, 3, 3, 3, 3, 3, 3, 3, 3, 3, 3, 3, 3, 0, 3, 3, 3]"
note_0425_03,case_0425,nursing_shift_note,neurology,0.3333333333333333,0.484375,low,low,"[3, 1, 1, 1, 1, 0, 1, 1, 2, 2, 1, 3, 3, 3, 1, 1, 3, 3, 1, 1, 1, 3]","[3, 2, 1, 1, 3, 1, 1, 1, 3, 3, 1, 3, 3, 3, 3, 1, 3, 3, 1, 1, 1, 3]"
note_0425_04,case_0425,abbreviation_heavy,neurology,0.6,0.6935483870967742,medium,medium,"[3, 1, 3, 1, 3, 0, 1, 3, 3, 3, 1, 3, 3, 3, 1, 3, 3, 3, 1, 1, 1, 3]","[3, 2, 3, 1, 3, 1, 1, 3, 3, 3, 3, 3, 3, 3, 3, 3, 3, 3, 0, 1, 1, 3]"
note_0425_05,case_0425,verbose_unfocused,neurology,0.26666666666666666,0.296875,low,low,"[3, 2, 1, 1, 1, 0, 2, 1, 2, 2, 1, 2, 1, 2, 1, 1, 2, 2, 1, 1, 2, 3]","[2, 2, 1, 1, 2, 1, 1, 1, 2, 2, 1, 2, 2, 2, 2, 1, 2, 2, 1, 2, 1, 3]"
note_0425_06,case_0425,messy_free_text,neurology,0.6666666666666666,0.6612903225806451,medium,medium,"[3, 1, 3, 1, 3, 0, 1, 3, 3, 3, 1, 3, 3, 3, 1, 3, 3, 3, 1, 1, 3, 3]","[3, 2, 3, 1, 3, 1, 1, 3, 3, 3, 1, 3, 3, 3, 3, 3, 3, 3, 0, 1, 1, 3]"
note_0425_07,case_0425,structured_sbar,neurology,0.5833333333333334,0.6935483870967742,medium,medium,"[3, 2, 1, 1, 3, 0, 1, 1, 3, 3, 1, 3, 3, 3, 1, 3, 3, 3, 1, 1, 3, 3]","[3, 2, 1, 1, 3, 1, 2, 1, 3, 3, 3, 3, 3, 3, 3, 3, 3, 3, 0, 3, 1, 3]"
note_0425_08,case_0425,terse_resident_signout,neurology,0.6333333333333333,0.6935483870967742,medium,medium,"[3, 1, 3, 1, 3, 0, 1, 3, 3, 3, 3, 3, 3, 3, 1, 3, 3, 3, 1, 1, 1, 3]","[3, 2, 3, 1, 3, 1, 1, 3, 3, 3, 3, 3, 3, 3, 3, 3, 3, 3, 0, 1, 1, 3]"
note_0425_09,case_0425,nursing_shift_note,neurology,0.7,0.8870967741935484,medium,high,"[3, 1, 3, 1, 3, 0, 1, 3, 3, 3, 3, 3, 3, 3, 1, 3, 3, 3, 1, 1, 3, 3]","[3, 2, 3, 1, 3, 3, 1, 3, 3, 3, 3, 3, 3, 3, 3, 3, 3, 3, 0, 3, 3, 3]"
note_0425_10,case_0425,abbreviation_heavy,neurology,0.6666666666666666,0.7580645161290323,medium,medium,"[3, 1, 3, 1, 3, 0, 1, 3, 3, 3, 1, 3, 3, 3, 1, 3, 3, 3, 1, 1, 3, 3]","[3, 2, 3, 1, 3, 1, 1, 3, 3, 3, 3, 3, 3, 3, 3, 3, 3, 3, 0, 3, 1, 3]"
note_0429_01,case_0429,structured_sbar,cardiology,1.0,1.0,high,high,"[3, 3, 3, 3, 3, 3, 3, 3, 3, 3, 3, 0, 3, 3, 3, 3, 3, 3, 0, 3, 3, 3]","[3, 3, 3, 3, 3, 3, 3, 3, 3, 3, 3, 3, 3, 3, 3, 3, 3, 3, 0, 3, 3, 3]"
note_0429_02,case_0429,terse_resident_signout,cardiology,0.7,0.8064516129032258,medium,medium,"[3, 3, 3, 1, 3, 3, 1, 1, 3, 3, 3, 0, 3, 3, 3, 3, 1, 1, 0, 1, 3, 3]","[3, 3, 3, 1, 3, 3, 3, 3, 3, 3, 3, 3, 3, 3, 3, 3, 1, 1, 0, 1, 3, 3]"
note_0429_03,case_0429,nursing_shift_note,cardiology,0.35,0.4032258064516129,low,low,"[3, 2, 1, 1, 3, 1, 1, 1, 2, 2, 1, 0, 3, 3, 2, 2, 1, 1, 0, 1, 1, 3]","[3, 2, 1, 1, 3, 1, 1, 1, 3, 3, 1, 3, 3, 3, 3, 1, 1, 1, 0, 1, 1, 3]"
note_0429_04,case_0429,abbreviation_heavy,cardiology,0.5,0.5333333333333333,medium,medium,"[3, 1, 3, 1, 3, 1, 1, 3, 3, 1, 1, 0, 3, 3, 3, 3, 1, 1, 0, 1, 1, 3]","[3, 2, 3, 1, 3, 1, 1, 3, 3, 3, 1, 0, 3, 2, 3, 3, 1, 1, 0, 1, 1, 3]"
note_0429_05,case_0429,verbose_unfocused,cardiology,0.35,0.3709677419354839,low,low,"[2, 2, 2, 1, 2, 2, 1, 1, 2, 2, 1, 0, 2, 2, 2, 2, 1, 1, 0, 1, 2, 3]","[2, 2, 3, 1, 2, 1, 1, 1, 2, 2, 1, 2, 2, 2, 2, 2, 2, 1, 0, 2, 1, 3]"
note_0429_06,case_0429,messy_free_text,cardiology,0.5333333333333333,0.5333333333333333,medium,medium,"[3, 1, 3, 1, 3, 1, 1, 3, 3, 3, 1, 0, 3, 3, 3, 3, 1, 1, 0, 1, 1, 3]","[3, 2, 3, 1, 3, 1, 1, 3, 3, 3, 1, 0, 3, 2, 3, 3, 1, 1, 0, 1, 1, 3]"
note_0429_07,case_0429,structured_sbar,cardiology,0.6666666666666666,0.9583333333333334,medium,high,"[3, 3, 3, 1, 3, 2, 1, 1, 3, 3, 2, 0, 3, 3, 3, 2, 2, 2, 0, 1, 3, 3]","[3, 3, 3, 1, 3, 0, 3, 3, 3, 3, 3, 0, 3, 3, 3, 0, 3, 3, 0, 0, 3, 3]"
note_0429_08,case_0429,terse_resident_signout,cardiology,0.5,0.5645161290322581,medium,medium,"[3, 1, 3, 1, 3, 2, 1, 1, 3, 3, 1, 0, 3, 3, 3, 2, 1, 1, 0, 1, 1, 3]","[3, 2, 3, 1, 3, 1, 1, 3, 3, 3, 1, 3, 3, 3, 3, 3, 1, 1, 0, 1, 1, 3]"
note_0429_09,case_0429,nursing_shift_note,cardiology,0.5333333333333333,0.5967741935483871,medium,medium,"[3, 1, 3, 1, 3, 2, 1, 1, 3, 3, 3, 0, 3, 3, 3, 2, 1, 1, 0, 1, 1, 3]","[3, 2, 3, 1, 3, 1, 1, 3, 3, 3, 3, 3, 3, 3, 3, 3, 1, 1, 0, 1, 1, 3]"
note_0429_10,case_0429,abbreviation_heavy,cardiology,0.5333333333333333,0.5483870967741935,medium,medium,"[3, 1, 3, 1, 3, 1, 1, 3, 3, 3, 1, 0, 3, 3, 3, 3, 1, 1, 0, 1, 1, 3]","[3, 2, 3, 1, 3, 1, 1, 3, 3, 3, 1, 3, 3, 2, 3, 3, 1, 1, 0, 1, 1, 3]"
note_0430_01,case_0430,structured_sbar,cardiology,1.0,1.0,high,high,"[3, 3, 3, 3, 3, 3, 3, 3, 3, 3, 3, 3, 3, 3, 3, 3, 3, 3, 0, 3, 3, 3]","[3, 3, 3, 3, 3, 3, 3, 3, 3, 3, 3, 3, 3, 3, 3, 3, 3, 3, 0, 3, 3, 3]"
note_0430_02,case_0430,terse_resident_signout,cardiology,0.8387096774193549,0.9032258064516129,medium,high,"[3, 3, 1, 3, 3, 3, 3, 1, 3, 3, 3, 3, 3, 3, 3, 3, 3, 3, 0, 3, 1, 3]","[3, 3, 3, 1, 3, 3, 3, 3, 3, 3, 3, 3, 3, 3, 3, 3, 3, 3, 0, 1, 3, 3]"
note_0430_03,case_0430,nursing_shift_note,cardiology,0.4032258064516129,0.484375,low,low,"[3, 2, 1, 3, 1, 1, 1, 1, 3, 1, 1, 3, 3, 3, 1, 2, 3, 1, 0, 3, 1, 3]","[3, 2, 1, 1, 3, 1, 1, 1, 3, 3, 1, 3, 3, 3, 3, 1, 3, 1, 3, 2, 1, 3]"
note_0430_04,case_0430,abbreviation_heavy,cardiology,0.5161290322580645,0.5967741935483871,medium,medium,"[3, 2, 1, 3, 3, 1, 1, 1, 3, 3, 1, 3, 3, 2, 1, 3, 3, 3, 0, 1, 1, 3]","[3, 2, 3, 1, 3, 1, 1, 3, 3, 3, 1, 3, 3, 3, 3, 3, 3, 1, 0, 1, 1, 3]"
note_0430_05,case_0430,verbose_unfocused,cardiology,0.3548387096774194,0.28125,low,low,"[2, 2, 1, 2, 2, 2, 2, 1, 2, 2, 2, 2, 2, 2, 1, 2, 2, 1, 0, 2, 1, 2]","[2, 2, 1, 1, 2, 1, 1, 1, 2, 2, 1, 2, 2, 2, 2, 2, 2, 1, 1, 2, 1, 2]"
note_0430_06,case_0430,messy_free_text,cardiology,0.5161290322580645,0.5967741935483871,medium,medium,"[3, 2, 1, 3, 3, 1, 1, 1, 3, 3, 1, 3, 3, 2, 1, 3, 3, 3, 0, 1, 1, 3]","[3, 2, 3, 1, 3, 1, 1, 3, 3, 3, 1, 3, 3, 3, 3, 3, 3, 1, 0, 1, 1, 3]"
note_0430_07,case_0430,structured_sbar,cardiology,0.8064516129032258,0.9032258064516129,medium,high,"[3, 3, 1, 3, 3, 2, 2, 1, 3, 3, 3, 3, 3, 3, 3, 3, 3, 3, 0, 3, 2, 3]","[3, 3, 3, 1, 3, 3, 3, 3, 3, 3, 3, 3, 3, 3, 3, 3, 3, 1, 0, 3, 3, 3]"
note_0430_08,case_0430,terse_resident_signout,cardiology,0.3709677419354839,0.43548387096774194,low,low,"[3, 2, 1, 3, 1, 1, 1, 1, 3, 1, 1, 3, 3, 3, 1, 2, 3, 1, 0, 2, 1, 3]","[3, 2, 1, 1, 3, 1, 1, 1, 3, 3, 1, 3, 3, 3, 3, 1, 3, 1, 0, 1, 1, 3]"
note_0430_09,case_0430,nursing_shift_note,cardiology,0.43548387096774194,0.46774193548387094,low,low,"[3, 2, 1, 3, 3, 1, 1, 1, 3, 1, 3, 3, 3, 3, 1, 3, 1, 1, 0, 1, 1, 3]","[3, 2, 1, 1, 3, 1, 1, 1, 3, 3, 1, 3, 3, 3, 3, 3, 1, 1, 0, 1, 1, 3]"
note_0430_10,case_0430,abbreviation_heavy,cardiology,0.5161290322580645,0.532258064516129,medium,medium,"[3, 2, 1, 3, 3, 1, 1, 1, 3, 3, 1, 3, 3, 2, 1, 3, 3, 3, 0, 1, 1, 3]","[3, 2, 1, 1, 3, 1, 1, 3, 3, 3, 1, 3, 3, 3, 3, 3, 3, 1, 0, 1, 1, 3]"
note_0438_01,case_0438,structured_sbar,orthopedics,1.0,1.0,high,high,"[3, 3, 3, 3, 3, 3, 3, 3, 3, 3, 3, 3, 3, 3, 0, 3, 3, 3, 3, 3, 3, 3]","[3, 3, 3, 3, 3, 3, 3, 3, 3, 3, 3, 3, 0, 3, 3, 3, 3, 3, 3, 3, 3, 3]"
note_0438_02,case_0438,terse_resident_signout,orthopedics,0.7833333333333333,0.8214285714285714,medium,medium,"[3, 3, 3, 3, 3, 2, 2, 3, 3, 3, 3, 3, 3, 3, 0, 3, 3, 3, 2, 1, 1, 3]","[3, 3, 3, 1, 3, 3, 1, 3, 3, 3, 3, 3, 0, 3, 0, 3, 3, 3, 3, 3, 1, 3]"
note_0438_03,case_0438,nursing_shift_note,orthopedics,0.45,0.42592592592592593,low,low,"[3, 2, 1, 1, 3, 1, 1, 1, 3, 1, 1, 3, 2, 3, 0, 2, 3, 3, 3, 1, 1, 3]","[3, 2, 1, 1, 3, 1, 1, 1, 3, 0, 1, 3, 0, 3, 0, 2, 3, 1, 3, 2, 1, 3]"
note_0438_04,case_0438,abbreviation_heavy,orthopedics,0.7,0.6964285714285714,medium,medium,"[3, 2, 3, 1, 3, 1, 1, 3, 3, 3, 3, 3, 3, 3, 0, 3, 3, 3, 2, 2, 1, 3]","[3, 2, 3, 1, 3, 1, 1, 3, 3, 3, 1, 3, 0, 3, 0, 3, 3, 3, 3, 3, 1, 3]"
note_0438_05,case_0438,verbose_unfocused,orthopedics,0.3,0.3,low,low,"[3, 2, 1, 1, 2, 1, 1, 1, 2, 1, 3, 1, 1, 2, 0, 1, 3, 3, 2, 1, 1, 3]","[2, 2, 1, 1, 2, 1, 1, 1, 2, 2, 1, 2, 0, 2, 1, 2, 2, 2, 2, 2, 1, 3]"
note_0438_06,case_0438,messy_free_text,orthopedics,0.7,0.6964285714285714,medium,medium,"[3, 2, 3, 1, 3, 1, 1, 3, 3, 3, 3, 3, 3, 3, 0, 3, 3, 3, 2, 2, 1, 3]","[3, 2, 3, 1, 3, 1, 1, 3, 3, 3, 1, 3, 0, 3, 0, 3, 3, 3, 3, 3, 1, 3]"
note_0438_07,case_0438,structured_sbar,orthopedics,0.7166666666666667,0.8928571428571429,medium,high,"[3, 3, 3, 1, 3, 2, 1, 3, 3, 3, 3, 3, 3, 3, 0, 3, 3, 3, 2, 1, 1, 3]","[3, 3, 3, 1, 3, 3, 3, 3, 3, 3, 3, 3, 0, 3, 0, 3, 3, 3, 3, 3, 1, 3]"
note_0438_08,case_0438,terse_resident_signout,orthopedics,0.7166666666666667,0.75,medium,medium,"[3, 3, 3, 1, 3, 2, 1, 3, 3, 3, 3, 3, 3, 3, 0, 3, 3, 3, 2, 1, 1, 3]","[3, 3, 1, 1, 3, 3, 1, 3, 3, 3, 3, 3, 0, 3, 0, 3, 3, 3, 3, 3, 1, 3]"
note_0438_09,case_0438,nursing_shift_note,orthopedics,0.7166666666666667,0.8333333333333334,medium,medium,"[3, 3, 3, 1, 3, 2, 1, 3, 3, 3, 3, 3, 3, 3, 0, 3, 3, 3, 2, 1, 1, 3]","[3, 3, 3, 1, 3, 3, 1, 3, 3, 3, 3, 3, 0, 3, 3, 3, 3, 3, 3, 3, 1, 3]"
note_0438_10,case_0438,abbreviation_heavy,orthopedics,0.7,0.75,medium,medium,"[3, 2, 3, 1, 3, 1, 1, 3, 3, 3, 3, 3, 3, 3, 0, 3, 3, 3, 2, 2, 1, 3]","[3, 3, 3, 1, 3, 1, 1, 3, 3, 3, 3, 3, 0, 3, 0, 3, 3, 3, 3, 3, 1, 3]"
note_0449_01,case_0449,structured_sbar,emergency_observation,0.75,1.0,medium,high,"[3, 3, 3, 3, 3, 1, 1, 3, 3, 3, 3, 0, 3, 3, 3, 0, 3, 0, 0, 0, 1, 3]","[3, 3, 3, 3, 3, 0, 3, 3, 3, 3, 3, 0, 3, 3, 3, 0, 3, 3, 0, 0, 3, 3]"
note_0449_02,case_0449,terse_resident_signout,emergency_observation,0.6666666666666666,0.75,medium,medium,"[3, 3, 3, 1, 3, 1, 1, 3, 3, 3, 1, 0, 3, 3, 3, 0, 3, 0, 0, 0, 1, 3]","[3, 3, 3, 1, 3, 0, 1, 3, 3, 3, 1, 0, 3, 3, 3, 0, 3, 3, 0, 0, 1, 3]"
note_0449_03,case_0449,nursing_shift_note,emergency_observation,0.4074074074074074,0.5769230769230769,low,medium,"[3, 2, 1, 1, 1, 1, 1, 3, 3, 3, 1, 0, 3, 2, 3, 0, 3, 0, 1, 1, 1, 3]","[3, 2, 1, 1, 3, 1, 1, 3, 3, 3, 1, 0, 3, 2, 3, 0, 3, 3, 0, 0, 1, 3]"
note_0449_04,case_0449,abbreviation_heavy,emergency_observation,0.48148148148148145,0.5769230769230769,low,medium,"[3, 2, 3, 1, 1, 1, 1, 3, 3, 3, 1, 0, 3, 2, 3, 0, 3, 0, 1, 1, 1, 3]","[3, 2, 3, 1, 3, 1, 1, 3, 3, 3, 1, 0, 3, 2, 3, 0, 3, 1, 0, 0, 1, 3]"
note_0449_05,case_0449,verbose_unfocused,emergency_observation,0.2222222222222222,0.26666666666666666,low,low,"[2, 2, 1, 1, 1, 1, 1, 2, 2, 2, 1, 0, 2, 2, 2, 0, 1, 0, 1, 1, 1, 3]","[2, 2, 1, 1, 2, 1, 1, 1, 2, 2, 1, 0, 2, 2, 2, 1, 2, 1, 0, 2, 1, 3]"
note_0449_06,case_0449,messy_free_text,emergency_observation,0.48148148148148145,0.6346153846153846,low,medium,"[3, 2, 3, 1, 1, 1, 1, 3, 3, 3, 1, 0, 3, 2, 3, 0, 3, 0, 1, 1, 1, 3]","[3, 1, 3, 1, 3, 1, 1, 3, 3, 3, 1, 0, 3, 2, 3, 0, 3, 3, 0, 0, 1, 3]"
note_0449_07,case_0449,structured_sbar,emergency_observation,0.5370370370370371,0.6875,medium,medium,"[3, 2, 3, 1, 1, 1, 1, 3, 3, 3, 3, 0, 3, 3, 3, 0, 3, 0, 1, 1, 1, 3]","[3, 2, 1, 1, 3, 0, 1, 3, 3, 3, 3, 0, 3, 3, 3, 0, 3, 3, 0, 0, 1, 3]"
note_0449_08,case_0449,terse_resident_signout,emergency_observation,0.42592592592592593,0.5961538461538461,low,medium,"[3, 2, 1, 1, 1, 1, 1, 3, 3, 3, 1, 0, 3, 3, 3, 0, 3, 0, 1, 1, 1, 3]","[3, 2, 1, 1, 3, 1, 1, 3, 3, 3, 1, 0, 3, 3, 3, 0, 3, 3, 0, 0, 1, 3]"
note_0449_09,case_0449,nursing_shift_note,emergency_observation,0.6296296296296297,0.7083333333333334,medium,medium,"[3, 3, 3, 1, 3, 1, 1, 3, 3, 3, 3, 0, 3, 3, 3, 0, 3, 0, 1, 1, 1, 3]","[3, 3, 3, 1, 3, 0, 1, 3, 3, 3, 3, 0, 3, 3, 3, 0, 3, 1, 0, 0, 1, 3]"
note_0449_10,case_0449,abbreviation_heavy,emergency_observation,0.48148148148148145,0.6346153846153846,low,medium,"[3, 2, 3, 1, 1, 1, 1, 3, 3, 3, 1, 0, 3, 2, 3, 0, 3, 0, 1, 1, 1, 3]","[3, 1, 3, 1, 3, 1, 1, 3, 3, 3, 1, 0, 3, 2, 3, 0, 3, 3, 0, 0, 1, 3]"
note_0454_01,case_0454,structured_sbar,internal_medicine,1.0,1.0,high,high,"[3, 3, 3, 3, 3, 3, 3, 3, 3, 3, 3, 3, 3, 3, 3, 3, 3, 0, 0, 0, 3, 3]","[3, 3, 3, 3, 3, 3, 3, 3, 3, 3, 3, 3, 3, 3, 3, 3, 3, 3, 0, 3, 3, 3]"
note_0454_02,case_0454,terse_resident_signout,internal_medicine,0.7962962962962963,0.6612903225806451,medium,medium,"[3, 2, 3, 1, 3, 3, 2, 3, 3, 1, 2, 3, 3, 2, 3, 3, 3, 0, 0, 0, 2, 3]","[3, 2, 3, 1, 3, 3, 1, 3, 3, 3, 1, 3, 3, 3, 3, 3, 3, 1, 0, 1, 1, 3]"
note_0454_03,case_0454,nursing_shift_note,internal_medicine,0.5185185185185185,0.43548387096774194,medium,low,"[3, 2, 1, 1, 3, 2, 1, 3, 3, 1, 1, 3, 3, 2, 2, 2, 3, 0, 0, 0, 1, 3]","[3, 2, 1, 1, 3, 1, 1, 1, 3, 3, 1, 3, 3, 3, 3, 1, 3, 1, 0, 1, 1, 3]"
note_0454_04,case_0454,abbreviation_heavy,internal_medicine,0.6111111111111112,0.5806451612903226,medium,medium,"[3, 1, 3, 1, 3, 1, 1, 3, 3, 3, 1, 3, 3, 2, 1, 3, 3, 0, 0, 0, 2, 3]","[3, 2, 3, 1, 3, 1, 1, 3, 3, 3, 1, 3, 3, 2, 3, 3, 3, 1, 0, 1, 1, 3]"
note_0454_05,case_0454,verbose_unfocused,internal_medicine,0.24074074074074073,0.25806451612903225,low,low,"[2, 2, 1, 1, 2, 1, 1, 2, 1, 1, 2, 1, 2, 2, 1, 2, 2, 0, 0, 0, 1, 2]","[2, 2, 1, 1, 2, 1, 1, 1, 2, 2, 1, 2, 2, 2, 2, 1, 2, 1, 0, 2, 1, 2]"
note_0454_06,case_0454,messy_free_text,internal_medicine,0.5925925925925926,0.5806451612903226,medium,medium,"[3, 2, 3, 1, 3, 1, 1, 3, 3, 3, 1, 3, 3, 2, 1, 3, 3, 0, 0, 0, 1, 3]","[3, 2, 3, 1, 3, 1, 1, 3, 3, 3, 1, 3, 3, 2, 3, 3, 3, 1, 0, 1, 1, 3]"
note_0454_07,case_0454,structured_sbar,internal_medicine,0.8518518518518519,0.7096774193548387,high,medium,"[3, 2, 3, 1, 3, 2, 2, 3, 3, 3, 2, 3, 3, 3, 3, 3, 3, 0, 0, 0, 3, 3]","[3, 3, 1, 1, 3, 3, 3, 3, 3, 3, 3, 3, 3, 3, 3, 3, 3, 1, 0, 1, 1, 3]"
note_0454_08,case_0454,terse_resident_signout,internal_medicine,0.5185185185185185,0.46774193548387094,medium,low,"[3, 2, 1, 1, 3, 2, 1, 3, 3, 1, 1, 3, 3, 2, 2, 2, 3, 0, 0, 0, 1, 3]","[3, 2, 1, 1, 3, 1, 1, 3, 3, 3, 1, 3, 3, 3, 3, 1, 3, 1, 0, 1, 1, 3]"
note_0454_09,case_0454,nursing_shift_note,internal_medicine,0.7592592592592593,0.7903225806451613,medium,medium,"[3, 3, 1, 1, 3, 2, 2, 3, 3, 1, 2, 3, 3, 3, 3, 3, 3, 0, 0, 0, 3, 3]","[3, 2, 3, 1, 3, 3, 3, 3, 3, 3, 1, 3, 3, 3, 3, 3, 3, 1, 0, 1, 3, 3]"
note_0454_10,case_0454,abbreviation_heavy,internal_medicine,0.5925925925925926,0.5806451612903226,medium,medium,"[3, 2, 3, 1, 3, 1, 1, 3, 3, 3, 1, 3, 3, 2, 1, 3, 3, 0, 0, 0, 1, 3]","[3, 2, 3, 1, 3, 1, 1, 3, 3, 3, 1, 3, 3, 2, 3, 3, 3, 1, 0, 1, 1, 3]"
note_0467_01,case_0467,structured_sbar,orthopedics,0.9615384615384616,1.0,high,high,"[3, 3, 3, 3, 3, 3, 3, 3, 3, 3, 3, 3, 0, 3, 0, 3, 3, 3, 3, 0, 2, 3]","[3, 3, 3, 3, 3, 3, 3, 3, 3, 3, 3, 3, 0, 3, 3, 3, 3, 3, 3, 3, 3, 3]"
note_0467_02,case_0467,terse_resident_signout,orthopedics,0.8269230769230769,0.6964285714285714,medium,medium,"[3, 3, 3, 1, 3, 3, 3, 3, 3, 3, 1, 3, 0, 3, 0, 3, 3, 3, 2, 0, 1, 3]","[3, 2, 3, 1, 3, 1, 1, 3, 3, 3, 1, 3, 0, 3, 0, 3, 3, 3, 3, 3, 1, 3]"
note_0467_03,case_0467,nursing_shift_note,orthopedics,0.42857142857142855,0.48214285714285715,low,low,"[3, 2, 1, 1, 3, 1, 1, 1, 3, 3, 1, 3, 0, 2, 1, 1, 3, 3, 3, 0, 1, 3]","[3, 2, 1, 1, 3, 1, 1, 1, 3, 3, 1, 3, 0, 3, 0, 1, 3, 3, 3, 2, 1, 3]"
note_0467_04,case_0467,abbreviation_heavy,orthopedics,0.5192307692307693,0.5892857142857143,medium,medium,"[3, 1, 3, 1, 3, 1, 1, 3, 3, 3, 1, 3, 0, 3, 0, 1, 3, 3, 2, 0, 1, 1]","[3, 2, 3, 1, 3, 1, 1, 1, 3, 3, 1, 3, 0, 3, 0, 3, 3, 3, 3, 1, 1, 3]"
note_0467_05,case_0467,verbose_unfocused,orthopedics,0.23333333333333334,0.36666666666666664,low,low,"[2, 2, 1, 1, 2, 1, 1, 1, 2, 2, 2, 2, 0, 2, 1, 1, 2, 2, 2, 1, 1, 2]","[3, 2, 1, 1, 2, 1, 1, 1, 2, 2, 1, 3, 0, 2, 2, 2, 2, 2, 2, 2, 1, 3]"
note_0467_06,case_0467,messy_free_text,orthopedics,0.5192307692307693,0.5892857142857143,medium,medium,"[3, 1, 3, 1, 3, 1, 1, 1, 3, 3, 1, 3, 0, 3, 0, 1, 3, 3, 2, 0, 1, 3]","[3, 2, 3, 1, 3, 1, 1, 1, 3, 3, 1, 3, 0, 3, 0, 3, 3, 3, 3, 1, 1, 3]"
note_0467_07,case_0467,structured_sbar,orthopedics,0.8269230769230769,0.75,medium,medium,"[3, 2, 3, 1, 3, 3, 3, 2, 3, 3, 3, 3, 0, 3, 0, 3, 3, 3, 2, 0, 1, 3]","[3, 3, 1, 1, 3, 3, 1, 3, 3, 3, 3, 3, 0, 3, 0, 3, 3, 3, 3, 3, 1, 3]"
note_0467_08,case_0467,terse_resident_signout,orthopedics,0.4807692307692308,0.5535714285714286,low,medium,"[3, 2, 1, 1, 3, 1, 1, 1, 3, 3, 1, 3, 0, 3, 0, 1, 3, 3, 3, 0, 1, 3]","[3, 2, 1, 1, 3, 1, 1, 1, 3, 3, 1, 3, 0, 3, 0, 3, 3, 3, 3, 2, 1, 3]"
note_0467_09,case_0467,nursing_shift_note,orthopedics,0.7307692307692307,0.8214285714285714,medium,medium,"[3, 2, 3, 1, 3, 2, 2, 2, 3, 3, 3, 3, 0, 3, 0, 2, 3, 3, 3, 0, 1, 3]","[3, 3, 3, 1, 3, 3, 1, 3, 3, 3, 3, 3, 0, 3, 0, 3, 3, 3, 3, 3, 1, 3]"
note_0467_10,case_0467,abbreviation_heavy,orthopedics,0.5192307692307693,0.5892857142857143,medium,medium,"[3, 1, 3, 1, 3, 1, 1, 1, 3, 3, 1, 3, 0, 3, 0, 1, 3, 3, 2, 0, 1, 3]","[3, 2, 3, 1, 3, 1, 1, 1, 3, 3, 1, 3, 0, 3, 0, 3, 3, 3, 3, 1, 1, 3]"
note_0482_01,case_0482,structured_sbar,internal_medicine,1.0,1.0,high,high,"[3, 3, 3, 3, 3, 3, 3, 3, 3, 3, 3, 3, 3, 3, 3, 3, 3, 0, 0, 0, 3, 3]","[3, 3, 3, 3, 3, 3, 3, 3, 3, 3, 3, 3, 3, 3, 3, 3, 3, 3, 0, 3, 3, 3]"
note_0482_02,case_0482,terse_resident_signout,internal_medicine,0.8518518518518519,0.7258064516129032,high,medium,"[3, 2, 3, 1, 3, 3, 2, 3, 3, 3, 2, 3, 3, 3, 3, 3, 3, 0, 0, 0, 2, 3]","[3, 2, 3, 1, 3, 3, 3, 3, 3, 3, 1, 3, 3, 3, 3, 3, 3, 1, 0, 1, 1, 3]"
note_0482_03,case_0482,nursing_shift_note,internal_medicine,0.5185185185185185,0.4032258064516129,medium,low,"[3, 1, 1, 1, 3, 2, 1, 3, 3, 1, 1, 3, 3, 3, 2, 2, 3, 0, 0, 0, 1, 3]","[3, 2, 1, 1, 3, 1, 1, 1, 3, 3, 1, 3, 3, 3, 3, 1, 1, 1, 0, 1, 1, 3]"
note_0482_04,case_0482,abbreviation_heavy,internal_medicine,0.5740740740740741,0.5806451612903226,medium,medium,"[3, 1, 3, 1, 3, 1, 1, 3, 3, 3, 1, 3, 3, 2, 1, 3, 3, 0, 0, 0, 1, 3]","[3, 2, 3, 1, 3, 1, 1, 3, 3, 3, 1, 3, 3, 2, 3, 3, 3, 1, 0, 1, 1, 3]"
note_0482_05,case_0482,verbose_unfocused,internal_medicine,0.2222222222222222,0.28125,low,low,"[2, 2, 1, 1, 2, 1, 1, 1, 2, 2, 1, 2, 2, 2, 1, 1, 1, 0, 0, 0, 1, 3]","[2, 2, 1, 1, 2, 1, 1, 1, 2, 2, 1, 2, 2, 2, 2, 2, 1, 1, 1, 2, 1, 3]"
note_0482_06,case_0482,messy_free_text,internal_medicine,0.5740740740740741,0.5806451612903226,medium,medium,"[3, 1, 3, 1, 3, 1, 1, 3, 3, 3, 1, 3, 3, 2, 1, 3, 3, 0, 0, 0, 1, 3]","[3, 2, 3, 1, 3, 1, 1, 3, 3, 3, 1, 3, 3, 2, 3, 3, 3, 1, 0, 1, 1, 3]"
note_0482_07,case_0482,structured_sbar,internal_medicine,0.5925925925925926,0.46774193548387094,medium,low,"[3, 2, 1, 1, 3, 2, 2, 3, 3, 3, 2, 3, 3, 3, 2, 2, 1, 0, 0, 0, 1, 3]","[3, 2, 1, 1, 3, 1, 1, 1, 3, 3, 1, 3, 3, 3, 3, 2, 3, 1, 0, 1, 1, 3]"
note_0482_08,case_0482,terse_resident_signout,internal_medicine,0.5740740740740741,0.43548387096774194,medium,low,"[3, 1, 1, 1, 3, 2, 1, 3, 3, 3, 1, 3, 3, 2, 2, 3, 3, 0, 0, 0, 1, 3]","[3, 2, 1, 1, 3, 1, 1, 1, 3, 3, 1, 3, 3, 3, 3, 1, 3, 1, 0, 1, 1, 3]"
note_0482_09,case_0482,nursing_shift_note,internal_medicine,0.7407407407407407,0.5645161290322581,medium,medium,"[3, 2, 3, 1, 3, 2, 1, 3, 3, 3, 2, 3, 3, 3, 2, 3, 3, 0, 0, 0, 2, 3]","[3, 2, 3, 1, 3, 1, 1, 3, 3, 3, 1, 3, 3, 3, 3, 3, 1, 1, 0, 1, 1, 3]"
note_0482_10,case_0482,abbreviation_heavy,internal_medicine,0.5740740740740741,0.5806451612903226,medium,medium,"[3, 1, 3, 1, 3, 1, 1, 3, 3, 3, 1, 3, 3, 2, 1, 3, 3, 0, 0, 0, 1, 3]","[3, 2, 3, 1, 3, 1, 1, 3, 3, 3, 1, 3, 3, 2, 3, 3, 3, 1, 0, 1, 1, 3]"
note_0485_01,case_0485,structured_sbar,cardiology,0.9545454545454546,1.0,high,high,"[3, 3, 3, 3, 3, 0, 3, 3, 3, 3, 3, 0, 3, 3, 3, 0, 3, 0, 0, 0, 2, 3]","[3, 3, 3, 3, 3, 3, 3, 3, 3, 3, 3, 0, 3, 3, 3, 3, 3, 3, 0, 0, 3, 3]"
note_0485_02,case_0485,terse_resident_signout,cardiology,0.7272727272727273,0.625,medium,medium,"[3, 3, 3, 1, 3, 0, 1, 3, 3, 3, 1, 0, 3, 3, 3, 0, 3, 0, 0, 0, 1, 3]","[3, 2, 3, 1, 3, 1, 1, 3, 3, 3, 1, 0, 3, 3, 3, 3, 3, 1, 0, 0, 1, 3]"
note_0485_03,case_0485,nursing_shift_note,cardiology,0.45454545454545453,0.44642857142857145,low,low,"[2, 2, 1, 1, 1, 0, 1, 1, 3, 3, 1, 0, 3, 3, 3, 0, 3, 0, 0, 0, 1, 3]","[3, 2, 1, 1, 3, 1, 1, 1, 3, 3, 1, 0, 3, 3, 3, 1, 3, 1, 0, 0, 1, 3]"
note_0485_04,case_0485,abbreviation_heavy,cardiology,0.5909090909090909,0.5769230769230769,medium,medium,"[3, 1, 3, 1, 3, 0, 1, 3, 3, 3, 1, 0, 3, 3, 1, 0, 3, 0, 0, 0, 1, 3]","[3, 2, 3, 1, 3, 1, 1, 3, 3, 3, 1, 0, 3, 2, 3, 0, 3, 1, 0, 0, 1, 3]"
note_0485_05,case_0485,verbose_unfocused,cardiology,0.25,0.20967741935483872,low,low,"[2, 2, 1, 1, 1, 0, 1, 1, 2, 2, 2, 0, 2, 2, 2, 0, 1, 0, 0, 0, 1, 2]","[2, 2, 1, 1, 2, 1, 1, 1, 2, 2, 1, 2, 2, 2, 2, 1, 1, 1, 0, 1, 1, 2]"
note_0485_06,case_0485,messy_free_text,cardiology,0.5909090909090909,0.6071428571428571,medium,medium,"[3, 1, 3, 1, 3, 0, 1, 3, 3, 3, 1, 0, 3, 3, 1, 0, 3, 0, 0, 0, 1, 3]","[3, 2, 3, 1, 3, 1, 1, 3, 3, 3, 1, 0, 3, 2, 3, 3, 3, 1, 0, 0, 1, 3]"
note_0485_07,case_0485,structured_sbar,cardiology,0.5909090909090909,0.6071428571428571,medium,medium,"[3, 2, 1, 1, 1, 0, 2, 2, 3, 3, 3, 0, 3, 3, 3, 0, 3, 0, 0, 0, 1, 3]","[3, 3, 1, 1, 3, 1, 1, 3, 3, 3, 3, 0, 3, 3, 3, 3, 3, 1, 0, 0, 1, 3]"
note_0485_08,case_0485,terse_resident_signout,cardiology,0.45454545454545453,0.5192307692307693,low,medium,"[2, 2, 1, 1, 1, 0, 1, 1, 3, 3, 1, 0, 3, 3, 3, 0, 3, 0, 0, 0, 1, 3]","[3, 2, 1, 1, 3, 1, 1, 3, 3, 3, 1, 0, 3, 3, 3, 0, 3, 1, 0, 0, 1, 3]"
note_0485_09,case_0485,nursing_shift_note,cardiology,0.6136363636363636,0.625,medium,medium,"[3, 2, 3, 1, 1, 0, 1, 2, 3, 3, 2, 0, 3, 3, 3, 0, 3, 0, 0, 0, 1, 3]","[3, 2, 3, 1, 3, 1, 1, 3, 3, 3, 1, 0, 3, 3, 3, 3, 3, 1, 0, 0, 1, 3]"
note_0485_10,case_0485,abbreviation_heavy,cardiology,0.5909090909090909,0.6071428571428571,medium,medium,"[3, 1, 3, 1, 3, 0, 1, 3, 3, 3, 1, 0, 3, 3, 1, 0, 3, 0, 0, 0, 1, 3]","[3, 2, 3, 1, 3, 1, 1, 3, 3, 3, 1, 0, 3, 2, 3, 3, 3, 1, 0, 0, 1, 3]"
note_0489_01,case_0489,structured_sbar,emergency_observation,0.9090909090909091,1.0,high,high,"[3, 3, 3, 3, 0, 0, 0, 3, 3, 3, 3, 1, 3, 3, 3, 0, 3, 3, 1, 0, 3, 3]","[3, 3, 3, 3, 3, 0, 3, 3, 3, 3, 3, 0, 3, 3, 3, 0, 3, 3, 0, 3, 3, 3]"
note_0489_02,case_0489,terse_resident_signout,emergency_observation,0.7727272727272727,0.7916666666666666,medium,medium,"[3, 3, 3, 1, 0, 0, 0, 3, 3, 3, 3, 1, 3, 3, 3, 0, 3, 3, 1, 0, 1, 3]","[3, 3, 3, 1, 3, 0, 1, 3, 3, 3, 3, 0, 3, 3, 3, 0, 3, 3, 0, 0, 1, 3]"
note_0489_03,case_0489,nursing_shift_note,emergency_observation,0.5909090909090909,0.5416666666666666,medium,medium,"[3, 2, 1, 1, 0, 0, 0, 3, 3, 3, 1, 1, 3, 2, 3, 0, 3, 3, 1, 0, 1, 3]","[3, 2, 1, 1, 1, 0, 1, 3, 3, 3, 1, 0, 3, 2, 3, 0, 3, 3, 0, 0, 1, 3]"
note_0489_04,case_0489,abbreviation_heavy,emergency_observation,0.6666666666666666,0.75,medium,medium,"[3, 2, 3, 1, 0, 0, 1, 3, 3, 3, 3, 1, 3, 2, 3, 0, 3, 3, 1, 0, 1, 3]","[3, 2, 3, 1, 3, 0, 1, 3, 3, 3, 3, 0, 3, 2, 3, 0, 3, 3, 0, 0, 1, 3]"
note_0489_05,case_0489,verbose_unfocused,emergency_observation,0.4375,0.23333333333333334,low,low,"[3, 2, 1, 1, 0, 0, 1, 2, 2, 2, 1, 1, 3, 2, 2, 0, 3, 3, 1, 0, 1, 3]","[2, 2, 1, 1, 1, 1, 1, 1, 2, 2, 1, 0, 2, 2, 2, 1, 2, 2, 0, 1, 1, 3]"
note_0489_06,case_0489,messy_free_text,emergency_observation,0.6666666666666666,0.7708333333333334,medium,medium,"[3, 2, 3, 1, 0, 0, 1, 3, 3, 3, 3, 1, 3, 2, 3, 0, 3, 3, 1, 0, 1, 3]","[3, 3, 3, 1, 3, 0, 1, 3, 3, 3, 3, 0, 3, 2, 3, 0, 3, 3, 0, 0, 1, 3]"
note_0489_07,case_0489,structured_sbar,emergency_observation,0.8636363636363636,1.0,high,high,"[3, 3, 3, 1, 0, 0, 0, 3, 3, 3, 3, 1, 3, 3, 3, 0, 3, 3, 1, 0, 3, 3]","[3, 3, 3, 3, 3, 0, 3, 3, 3, 3, 3, 0, 3, 3, 3, 0, 3, 3, 0, 3, 3, 3]"
note_0489_08,case_0489,terse_resident_signout,emergency_observation,0.7045454545454546,0.75,medium,medium,"[3, 1, 3, 1, 0, 0, 0, 3, 3, 3, 3, 1, 3, 2, 3, 0, 3, 3, 1, 0, 1, 3]","[3, 2, 3, 1, 3, 0, 1, 3, 3, 3, 3, 0, 3, 2, 3, 0, 3, 3, 0, 0, 1, 3]"
note_0489_09,case_0489,nursing_shift_note,emergency_observation,0.7954545454545454,0.7916666666666666,medium,medium,"[3, 1, 3, 1, 0, 0, 0, 3, 3, 3, 3, 1, 3, 2, 3, 0, 3, 3, 1, 0, 3, 3]","[3, 3, 3, 1, 3, 0, 1, 3, 3, 3, 3, 0, 3, 3, 3, 0, 3, 3, 0, 0, 1, 3]"
note_0489_10,case_0489,abbreviation_heavy,emergency_observation,0.6666666666666666,0.7708333333333334,medium,medium,"[3, 2, 3, 1, 0, 0, 1, 3, 3, 3, 3, 1, 3, 2, 3, 0, 3, 3, 1, 0, 1, 3]","[3, 3, 3, 1, 3, 0, 1, 3, 3, 3, 3, 0, 3, 2, 3, 0, 3, 3, 0, 0, 1, 3]"
note_0495_01,case_0495,structured_sbar,surgery,1.0,1.0,high,high,"[3, 3, 3, 3, 3, 3, 3, 3, 3, 3, 3, 3, 3, 3, 3, 3, 3, 3, 3, 3, 3, 3]","[3, 3, 3, 3, 3, 3, 3, 3, 3, 3, 3, 3, 3, 3, 3, 3, 3, 3, 3, 3, 3, 3]"
note_0495_02,case_0495,terse_resident_signout,surgery,0.90625,0.625,high,medium,"[3, 3, 3, 3, 3, 3, 2, 3, 3, 3, 3, 3, 3, 3, 3, 3, 3, 2, 3, 2, 3, 3]","[3, 3, 1, 1, 3, 1, 1, 3, 3, 3, 1, 3, 3, 3, 3, 3, 3, 1, 3, 3, 1, 3]"
note_0495_03,case_0495,nursing_shift_note,surgery,0.5,0.46875,medium,low,"[3, 2, 1, 1, 3, 1, 1, 1, 3, 1, 3, 3, 3, 2, 3, 3, 3, 1, 3, 2, 1, 1]","[3, 2, 1, 1, 3, 1, 1, 1, 3, 3, 1, 3, 3, 2, 3, 1, 3, 1, 3, 2, 1, 3]"
note_0495_04,case_0495,abbreviation_heavy,surgery,0.578125,0.4375,medium,low,"[3, 2, 1, 1, 3, 1, 1, 2, 3, 3, 2, 3, 3, 2, 3, 3, 3, 1, 2, 3, 1, 3]","[3, 2, 1, 1, 3, 1, 1, 1, 3, 3, 1, 3, 3, 2, 3, 1, 3, 1, 3, 1, 1, 3]"
note_0495_05,case_0495,verbose_unfocused,surgery,0.296875,0.296875,low,low,"[2, 2, 1, 1, 2, 1, 1, 2, 2, 2, 2, 2, 2, 2, 2, 1, 2, 1, 2, 2, 1, 2]","[2, 2, 1, 1, 2, 1, 1, 1, 2, 2, 1, 2, 2, 2, 2, 2, 1, 1, 2, 2, 1, 3]"
note_0495_06,case_0495,messy_free_text,surgery,0.6875,0.625,medium,medium,"[3, 2, 1, 1, 3, 2, 2, 3, 3, 3, 3, 3, 3, 2, 3, 3, 3, 1, 3, 3, 1, 3]","[3, 3, 1, 1, 3, 1, 1, 3, 3, 3, 1, 3, 3, 3, 3, 3, 3, 1, 3, 3, 1, 3]"
note_0495_07,case_0495,structured_sbar,surgery,0.6875,0.6875,medium,medium,"[3, 3, 1, 1, 3, 2, 1, 3, 3, 3, 3, 3, 3, 3, 3, 3, 3, 1, 3, 2, 2, 3]","[3, 3, 1, 1, 3, 1, 2, 3, 3, 3, 3, 3, 3, 3, 3, 3, 3, 1, 3, 3, 1, 3]"
note_0495_08,case_0495,terse_resident_signout,surgery,0.578125,0.5,medium,medium,"[3, 2, 1, 1, 3, 1, 1, 3, 3, 3, 3, 3, 3, 2, 3, 3, 3, 1, 2, 2, 1, 3]","[3, 2, 1, 1, 3, 1, 1, 3, 3, 3, 1, 3, 3, 2, 3, 1, 3, 1, 3, 2, 1, 3]"
note_0495_09,case_0495,nursing_shift_note,surgery,0.65625,0.625,medium,medium,"[3, 3, 1, 1, 3, 1, 1, 3, 3, 3, 3, 3, 3, 3, 3, 3, 3, 1, 3, 3, 1, 3]","[3, 3, 1, 1, 3, 1, 1, 3, 3, 3, 3, 3, 3, 3, 3, 3, 1, 1, 3, 3, 1, 3]"
note_0495_10,case_0495,abbreviation_heavy,surgery,0.6875,0.625,medium,medium,"[3, 2, 1, 1, 3, 2, 2, 3, 3, 3, 3, 3, 3, 2, 3, 3, 3, 1, 3, 3, 1, 3]","[3, 3, 1, 1, 3, 1, 1, 3, 3, 3, 1, 3, 3, 3, 3, 3, 3, 1, 3, 3, 1, 3]"
